,0,1
0,相沢忠洋らが発見した群馬県にある旧石器時代の遺跡は？,岩宿遺跡
1,相沢忠洋らが発見した岩宿遺跡は何時代の遺跡?,旧石器時代
2,約200万年前から1万年前の4度の氷河期があった時代を完新世に対して何というか？,更新世（洪積世）
3,旧石器時代に使われていた簡素な石器の総称を磨製石器に対して何石器と言うか？,打製石器
4,約2万年前に生息したと言われる来日したドイツ人学者からその名前がつけられた絶滅した象は？,ナウマン象
5,巨大な牙が特徴であるユーラシア大陸の北部に生息していたと言われる象は？,マンモス
6,岩宿遺跡を発見した中心人物は？,相沢忠洋
7,相沢忠洋らが発見した岩宿遺跡は現在の何県にある?,群馬県
8,青森県で発見された縄文時代の遺跡は？,三内丸山遺跡
9,アメリカ人モースによって東京で発見された縄文時代の貝塚は？,大森貝塚
10,縄文時代における浅く土を掘り屋根をつけた簡単な住居を何式住居という。,竪穴式住居
11,縄文時代、海岸や水辺に食べ物の残りかすなどを捨てた場所を何という。,貝塚
12,東京にある大森貝塚を発見したアメリカ人は？,モース
13,表面に縄目の文様がついている土器を作られた時代から何土器という？,縄文土器
14,三内丸山遺跡は現在の何県にある？,青森県
15,縄文時代、まじないに使われた土製の人形を何という。,土偶
16,縄文時代に使われていた打製石器に比べてより用途が増えた石器,磨製石器
17,紀元前４世紀頃から紀元後３世紀頃までの時代を何時代というか,弥生時代
18,3世紀に邪馬台国を治めた女王は誰？,卑弥呼
19,弥生時代のねずみ返しもあった高いところに作られた倉庫,高床式倉庫
20,静岡県で発見された弥生時代の遺跡は何遺跡？,登呂遺跡
21,佐賀県で発見された弥生時代の遺跡は？,吉野ヶ里遺跡
22,弥生時代の遺跡である吉野ヶ里遺跡は何県で発見された。,佐賀県
23,.弥生時代卑弥呼が統治した国は,邪馬台国
24,弥生時代の遺跡である登呂遺跡は今の何県で発見されたか？,静岡県
25,239年魏の王が卑弥呼に与えた称号は？,親魏倭王
26,卑弥呼について書かれている中国の歴史書,魏志倭人伝
27,１世紀漢に使いを送り金印を与えられた国は？,奴(な)
28,銅とすずの合金で作られた剣やほこ、鏡、どうたくなどのことを鉄器に対して何という,青銅器（ブロンズ）
29,佐賀県で発見された吉野ヶ里遺跡は何時代の遺跡である？,弥生時代
30,静岡県で発見された登呂遺跡は何時代の遺跡？,弥生時代
31,漢字や仏教を伝えた朝鮮や中国から移り住んだ人々を何というか？,渡来人
32,古墳時代中期、九州から東北南部まで支配するようになった大和国家の王のことを俗に何という？天皇の昔の呼び方でもある,大王（おおきみ）
33,古墳時代中期豪族とその一族の氏に、姓を与えて朝廷の仕事を行わせた制度を何と言うか？,氏姓制度
34,古墳のまわりに埋められた土製の人形を何というか？,はにわ
35,方形の前部と円形の後部からなる、代表的な古墳の形を何と言うか？,前方後円墳
36,推古天皇に仕えた摂政という役職についた人は？,聖徳太子(厩戸王)
37,聖徳太子(厩戸王)が制定したとされる冠位制度は？,冠位十二階
38,604年に制定したとされる日本最初の成文法は？,憲法１７条
39,聖徳太子(厩戸王)が奈良に作った世界最古（厳密には再築して最古）の木造建築は？,法隆寺
40,聖徳太子(厩戸王)が隋に送った使節団といえば？,遣隋使
41,聖徳太子(厩戸王)が607年に遣隋使として送った人物は,小野妹子
42,聖徳太子(厩戸王)が就いた天皇を補佐する役職を何という？,摂政
43,聖徳太子(厩戸王)が摂政として国政を担っていた時の天皇は,推古天皇
44,645年、蘇我氏が滅んだ一連のクーデター,大化の改新
45,大化の改新を起こした中心人物2人は？,"中大兄皇子,中臣鎌足（藤原鎌足）"
46,645年の大化の改新で滅んだ一族は何氏,蘇我氏
47,中大兄皇子は後に何天皇となった？,天智天皇
48,672年に起きた天智天皇の後継者争い,壬申の乱
49,663年、朝鮮半島における日本軍と唐・新羅連合軍との戦いは？,白村江の戦い
50,律令制で課せられた稲で徴収した税,租
51,律令制で課せられた特産物で徴収した税,調
52,律令制で課せられた布で徴収した税,庸
53,壬申の乱で勝利した天皇は?,天武天皇
54,701年の大宝律令制定の際中心となった中臣鎌足の子は？,藤原不比等
55,701年に唐の律令にならい律令政治のもとになった法律,大宝律令
56,708年鋳造された貨幣は？,和同開珎
57,683年頃に日本でつくられた銭貨。708年に発行された和同開珎より年代は古く、日本で最初の貨幣とされる。,富本銭
58,710年平城京遷都をした天皇は？,元明天皇
59,聖武天皇が建立した寺と言えば,東大寺
60,743年に制定された土地の私有を永久に許可した法律,墾田永年私財法
61,奈良時代の文化をその当時の年号をとって何と言う？,天平文化
62,大仏で有名な東大寺を建立した天皇は？,聖武天皇
63,日本律宗の開祖となり唐招提寺を建立した僧は？,鑑真
64,712年に作られた現存最古の歴史書といえば？,古事記
65,720年に作れれた最古の勅撰史書といえば？,日本書紀
66,鑑真が奈良に建立した寺は？,唐招提寺(とうしょうだいじ)
67,710年奈良に造られた都は？,平城京
68,奈良時代初期の制度で６年ごとに戸籍を改めて６歳以上の男女に口分田を与え、死ぬと返さなければいけない制度は？,班田収授法
69,北九州の防衛にあたった兵士のこと,防人(さきもり)
70,759年に成立したとされる現存している最古の和歌集は？,万葉集
71,奈良時代に作られた諸国の風土風俗産物伝説などを記した本といえば？,風土記
72,皇族、豪族の私有地私有民を廃止し、すべての土地人民を国家の所有としたことを漢字四文字で。,公地公民
73,奈良時代以降、貴族や寺社が諸国に私的に領有した土地といえば？,荘園
74,東大寺にある聖武天皇のゆかりの品や天平文化を中心とした美術品がたくさんある場所は？,正倉院
75,東大寺正倉院の建築様式は？,校倉造(あぜくらづくり)
76,794年、平安京遷都をした天皇は？,桓武天皇
77,初代征夷大将軍になった平安初期の武将は？,坂上田村麻呂
78,摂関政治をし藤原氏の全盛期。藤原頼通の父。,藤原道長
79,藤原頼通が京都の宇治に建立した寺は？,平等院鳳凰堂
80,上皇が国政をとる形態,院政
81,1086年院政を開始した上皇は？,白河上皇
82,794年京都に造られた都は？,平安京
83,平等院鳳凰堂を建立した藤原道長の息子は？,藤原頼通
84,坂上田村麻呂が東北地方遠征の際についた役職は,征夷大将軍
85,８９４年、遣唐使を廃止した人,菅原道真
86,８９４年、菅原道真が廃止した使節は？,遣唐使
87,藤原氏が、天皇に代って政治を行う摂政や関白の地位を独占した政治のこと。,摂関政治
88,奈良時代以降、貴族や寺社が諸国に私的に領有した土地,荘園
89,935年、関東地方で乱を起こした人,平将門
90,940年、瀬戸内海の海賊を率いて乱を起こした人,藤原純友
91,1051年から12年にわたる陸奥(現在の岩手県)の豪族安倍貞任らの反乱を源頼義らが平定した戦いといえば？,前九年の役
92,1083年～87年に渡る、奥羽の豪族清原氏が起こした戦乱といえば？,後三年の役
93,1156年皇位継承の際起こった乱といえば？,保元の乱
94,1159年、平清盛と源義朝の間の争いといえば？,平治の乱
95,平清盛は1167年何という役職に就いたか？,太政大臣
96,藤原清衡が現在の岩手県の平泉に建立した黄金の建物は？,中尊寺金色堂
97,平清盛が行った中国との貿易は？,日宋貿易
98,1185年、平氏が滅んだ山口県の戦いは？,壇ノ浦の戦い
99,壇ノ浦の戦いの源氏の大将は？源頼朝の弟は？,源義経
100,1167年武士で初めて太政大臣に就任した人物は？,平清盛
101,源義経の幼少期の名前といえば？,牛若丸
102,源義経に使えた武術の達人の僧といえば？,弁慶
103,天台宗の開祖は？,最澄
104,天台宗の総本山は○○山○○寺？,比叡山延暦寺
105,真言宗の開祖は？,空海
106,真言宗の総本山は○○山○○○寺？,高野山金剛峯寺
107,平安時代の中後期の日本文化,国風文化
108,日本最初の勅撰和歌集は？,古今和歌集
109,土佐日記の著者は？,紀貫之
110,源氏物語の著者は？,紫式部
111,更級日記の著者は？,菅原孝標の女
112,蜻蛉日記の著者は？,藤原道綱の母
113,平安時代の貴族邸宅の様式は？,寝殿造
114,清少納言の随筆といえば？,枕草子
115,天台宗の開祖の最澄は何大師と呼ばれた？,伝教大師
116,真言宗の開祖の空海は何大師と呼ばれた？,弘法大師
117,紫式部によって書かれた長編小説は？,源氏物語
118,枕草子を書いた人は？,清少納言
119,鎌倉幕府の初代征夷大将軍は？,源頼朝
120,鎌倉時代の将軍と御恩と奉公の関係で結ばれた武士を何というか？,御家人
121,鎌倉幕府の将軍を補佐する役職。北条氏は実権をこれで握った。,執権
122,源頼朝が、1185年に国ごとに置いた軍事・警察をつかさどる役職は？,守護
123,源頼朝が、1185年に荘園や公領に置いた役職は？,地頭
124,源頼朝の妻は？尼将軍と言われた。,北条政子
125,1232年に日本最初の成文の武家法である御成敗式目を制定した人物は？,北条泰時
126,1221年、朝廷が鎌倉幕府に対して起こした反乱は？,承久の乱
127,1221年承久の乱で幕府打倒をはかった上皇は？その後隠岐に流刑。,後鳥羽上皇
128,1221年の承久の乱で幕府側の執権だった人物は？,北条義時
129,1221年の承久の乱の後京都に置かれた朝廷を監視する役職は？,六波羅探題
130,北条泰時が制定した日本最初の成文の武家法は？,御成敗式目
131,1274年文永の役、1281年弘安の役の二度にわたる元の襲来のことを何というか？,元寇(蒙古襲来)
132,元寇の時の元の皇帝は？,フビライ・ハン
133,元寇の時の執権は誰？,北条時宗
134,1297年北条貞時が元寇後の困窮した御家人救済のために発令したものは？,永仁の徳政令
135,東方見聞録を著し、日本を黄金の国と紹介したイタリア人は？,マルコ・ポーロ
136,1260年フビライ・ハンは国号を何としたか？,元
137,鎌倉幕府を倒した後、建武の新政を行った天皇は？,後醍醐天皇
138,浄土宗を開いた人は？,法然
139,浄土真宗を開いた人は？,親鸞
140,時宗を開いた人は？,一遍
141,臨済宗を開いた人は？,栄西
142,曹洞宗を開いた人は？,道元
143,日蓮宗を開いた人は？,日蓮
144,方丈記を著した人は？,鴨長明
145,平家物語は誰によって語られた？,琵琶法師
146,徒然草を著した人は？,吉田兼好（兼好法師）
147,運慶、快慶らによって作られた東大寺南大門にある像は？,金剛力士像
148,マルコ・ポーロが日本の国について著したものは？,東方見聞録
149,法然が開いた仏教の宗派は？,浄土宗
150,親鸞が開いた宗派は？。悪人正機説を唱えた。,浄土真宗（一向宗）
151,一遍が開いた宗派は？,時宗
152,栄西が開いた禅宗の宗派は？,臨済宗
153,道元が開いた禅宗の宗派は？,曹洞宗
154,日蓮が開いた宗派は？南無妙法蓮華経で有名。,日蓮宗
155,後鳥羽上皇の命で藤原定家らが中心となって撰者となった勅撰和歌集は？,新古今和歌集
156,鴨長明の有名な随筆は？,方丈記
157,吉田兼好の有名な随筆は？,徒然草
158,琵琶法師によって語られた鎌倉前期の軍記物語は？,平家物語
159,1338年に征夷大将軍になり室町幕府を開いた人は？,足利尊氏
160,1338年から1392までの天皇が二人になった時代を何というか？,南北朝時代
161,南北朝時代を終わらせた三代将軍は？,足利義満
162,室町幕府の将軍の補佐の役職は？,管領
163,足利義満が始めた貿易は？,日明貿易(勘合貿易)
164,13世紀から16世紀にかけて朝鮮や中国沿岸にかけて活動した日本の海賊集団といえば？,倭寇
165,1467年戦国時代が実質開始となった将軍家の後継者問題から発展した争いは？,応仁の乱
166,応仁の乱の際の室町8代将軍は？,足利義政
167,応仁の乱の直接の原因（子の出産）を作った足利義政の夫人は？,日野富子
168,応仁の乱のそれぞれの総帥は？細川勝元と誰？,山名持豊（山名宗全）
169,応仁の乱のそれぞれの総帥は？山名宗全と誰？,細川勝元
170,下の者が上の者を倒すという、戦国時代の風潮は？,下剋上
171,15世紀初め琉球王国を建国した王家は？,尚氏
172,1485年守護の畠山氏を追放した一揆といえば？,山城の国一揆
173,1428年機内近江の農民たちが徳政令を求めて起こした一揆といえば？,正長の土一揆
174,1488年から100年に渡って織田信長が平定するまで浄土真宗が一国を支配した一揆といえば？,加賀の一向一揆
175,足利義満が北山に建立したものは？,金閣
176,足利義政が東山に建立したものは？,銀閣
177,室町時代に完成した武家住宅の様式は？,書院造
178,室町時代の水墨画から発展して風景を描く山水画の大成者は？,雪舟
179,足利義満の時代の文化を金閣を立てた場所から何と呼ばれている？,北山文化
180,足利義政の時代の文化を銀閣を立てた場所から何と呼ばれている？,東山文化
181,父の観阿弥と共に能楽を大成した人物は？,世阿弥
182,1543年鉄砲が伝来した地は？,種子島
183,1549年キリスト教を日本に伝えたイエズス会宣教師は？,フランシスコ・ザビエル
184,1560年の織田信長vs今川義元の戦いといえば？,桶狭間の戦い
185,1573年織田信長が追放した室町15代将軍は？,足利義昭
186,1575年織田信長と徳川家康連合軍vs武田勝頼の戦い。鉄砲を本格的使った。,長篠の戦い
187,織田信長が現在の滋賀県に建てたとされる城。（権力の象徴）,安土城
188,1582年織田信長が明智光秀の裏切りで自害した事件。,本能寺の変
189,1582年本能寺の変を起こした主犯は？,明智光秀
190,本能寺の変の後、明智光秀を山崎の戦いで打ち負かした人は？,豊臣秀吉(羽柴秀吉)
191,戦国大名による商業政策。特に織田信長の政策が有名。,楽市・楽座
192,豊臣秀吉が行った土地調査といえば？,太閤検地
193,豊臣秀吉が行った農民が武器を持つことを禁止した政策は？,刀狩
194,1590年豊臣秀吉が北条氏を滅ぼしたときに兵糧攻めの対象となった城は？,小田原城
195,豊臣秀吉の2度にわたる朝鮮侵略に対して水軍を指揮した人物は？(朝鮮では英雄視されている),"李舜臣(リ・シュンシン,イ・スンシン)"
196,豊臣秀吉の時代のころの茶の湯の大成者は？,千利休
197,安土桃山時代の歌舞伎の大成者は？男装をし人々を魅了した。,出雲阿国
198,1600年の天下分け目の戦いといえば？,関ヶ原の戦い
199,1600年の関ヶ原の戦いは現在の何県で起こったか？,岐阜県
200,関ヶ原の戦いで敗者となり斬首された秀吉の五奉行の一人といえば？,石田三成
201,甲斐の戦国大名で風林火山を軍旗に用いた人物は？,武田信玄
202,1560年の桶狭間の戦いで織田信長と戦った戦国大名は？,今川義元
203,1575年の長篠の戦いで織田信長と戦った戦国大名は？,武田勝頼
204,越後の虎とも呼ばれた自ら毘沙門天の転生であると信じていた戦国大名は？,上杉謙信
205,中国地方を統一した戦国大名は？三本の矢の話で有名。,毛利元就
206,1590年豊臣秀吉が兵糧攻めをし滅んだ大名家は？,北条氏
207,独眼竜と称された東北の戦国大名は？,伊達政宗
208,尾張の国から勢力を拡大させ、日本の半分を支配下に治めた戦国大名は？,織田信長
209,豊臣秀吉の2度にわたる朝鮮侵略の戦いを2つ答えよ。,文禄の役・慶長の役
210,1549年キリスト教を日本に伝えたザビエルが所属していた団体は？,イエズス会
211,関ヶ原の戦いの勝者で江戸幕府を開いた人物は？,徳川家康
212,豊臣氏が滅んだ二度の戦いは？,"大坂の陣(大坂冬の陣,大坂夏の陣)"
213,江戸幕府が大名統制のために制定した基本法は？,武家諸法度
214,将軍の警備という名目で一定期間大名を江戸に来させた制度は？,参勤交代
215,徳川三代将軍は？,徳川家光
216,徳川家光がオランダと中国のみ長崎への寄港を許し、日本人の海外渡航、帰国を禁止した政策は？,鎖国
217,長崎に設けられたオランダ人の移住地といえば？,出島
218,1637～1638年九州のキリシタンの農民が起こした反乱は？,島原の乱（島原・天草一揆）
219,キリシタン検出のために用いた方法は？,踏絵
220,江戸時代の職能に基づく身分制度といえば？,士農工商
221,武士に対して非礼な振る舞いのあった農工商を切り殺してもいい特権といえば？,切捨御免
222,東南アジアに日本町ができるまでに至った鎖国前まで続いた貿易は？,朱印船貿易
223,江戸時代の徳川家康以降に徳川氏の子弟の大名を何と呼ぶ？特に、尾張・紀伊・水戸の徳川氏を御三家を指す。,親藩
224,江戸時代の関ヶ原の戦い後に徳川配下となった大名は？,外様
225,江戸時代の関ヶ原の戦い以前から徳川配下となっている大名は？,譜代
226,大坂夏の陣において、寡兵で徳川本陣まで攻め込み、徳川家康を後一歩のところまで追いつめた武将は？,真田幸村(真田信繁)
227,徳川５代将軍は？,徳川綱吉
228,徳川綱吉が出した動物の殺生禁止令は？,生類憐みの令
229,文治政治が定着した17世紀後半から18世紀前半までの文化は？,元禄文化
230,儒学の一派で、江戸幕府が重宝した学問は？,朱子学
231,江戸時代前半期に活躍した浄瑠璃、歌舞伎の作者は？,近松門左衛門
232,見返り美人図などで有名な浮世絵師は？,菱川師宣
233,徳川八代将軍は？,徳川吉宗
234,徳川吉宗が行った改革は？,享保の改革
235,徳川吉宗が設けた投票箱は？,目安箱
236,吉宗の次の将軍家重の時に老中になり、通貨、金融政策を活発化させたが、賄賂で不評をかった人物は？,田沼意次
237,吉宗の孫で田沼意次の失脚後に老中になり、厳しい保守主義を断行した人物は？,松平定信
238,1787年から始まった松平定信の改革は？贅沢禁止などを盛り込み民衆の反感をかった。,寛政の改革
239,寛政の改革とほぼ同時期である1789年にヨーロッパで起こった大事件は？,フランス革命
240,1792年日本の根室に来航したロシア人は？,ラクスマン(ラックスマンと表記されることも)
241,徳川綱吉の次の将軍に仕え正徳の治を行った人物は？,	新井白石
242,天保の大飢饉の後1837年大阪で起こった乱は？,大塩平八郎の乱
243,ちょうど大塩平八郎の乱とほぼ同時期の1840年中国（清）とイギリス間で起こった戦争は？,アヘン戦争
244,1841年から老中である水野忠邦が行った改革は？,天保の改革
245,江戸時代に日本地図をほぼ正確に測量して作った人物は？,伊能忠敬
246,19世紀初めに栄えた江戸文化は？,化政文化
247,『東海道中膝栗毛』の作者は？,十返舎一九
248,『南総里見八犬伝』の作者は？,滝沢馬琴
249,『富嶽三十六景』を描いた人物は？,葛飾北斎
250,『東海道五十三次』を描いた人物は？,安藤広重（歌川広重）
251,1853年黒船来航の際のアメリカの東インド艦隊司令長官は？,ペリー
252,1854年幕府がアメリカと結んだ条約は？,日米和親条約
253,日米和親条約で開港した港二つは？,函館、下田
254,1858年関税自主権がなく、領事裁判権を承認する不平等条約は？,日米修好通商条約
255,1858年の日米修好通商条約の際の米総領事は誰？,ハリス
256,咸臨丸の艦長としてアメリカに渡った人物といえば誰？,勝海舟
257,幕末の反幕府の政治の思想。天皇を崇拝し、外国を撃退するという意味がある。,尊王攘夷
258,1858～59年幕府が行った尊王攘夷の弾圧は？,安政の大獄
259,1858年～59年の安政の大獄で弾圧された中心人物の長州藩士は？松下村塾を開いた。,吉田松陰
260,安政の大獄を起こした幕府の大老は？,井伊直弼
261,1860年に起こった井伊直弼の暗殺事件は？,桜田門外の変
262,1863年近藤勇、土方歳三らが組織した京都警備の浪士隊は？,新選組
263,薩長同盟を実現させた土佐藩士は？京都で中岡慎太郎と共に暗殺された。,坂本竜馬
264,1867年、幕府が朝廷に政権を返還したことを何というか？,大政奉還
265,大政奉還を行った15代将軍は？,徳川慶喜
266,1863年新撰組を結成し局長となったが、反幕府側に斬首された人物は？,近藤勇
267,幕藩体制を解体し近代国家と資本主義の成立をもたらした変革は？,明治維新
268,1868年～69年の旧幕府軍対明治政府の戦いは？,戊辰戦争
269,1868年発表の明治政府の基本方針は？,五箇条の誓文
270,1869年、土地と人民を朝廷へ返還し中央集権を推し進めた政策といえば？,版籍奉還
271,1871年、藩を廃止し、府や県を置いた政策といえば？,廃藩置県
272,1873年、年貢制度の改革で地価の３％の金が税金となった政策といえば？,地租改正
273,1877年に起こった鹿児島県士族の反乱は？,西南戦争
274,1877年に起こった西南戦争の士族の首領は？,西郷隆盛
275,1875年ロシアと結んだ国境に関する条約は？,樺太・千島交換条約
276,明治初期の欧米文化の移入による近代化のことを何という？,文明開化
277,明治初期、北海道の開拓にあたった農兵を何というか？,屯田兵
278,明治の郵便制度の発足に貢献した人物は？,前島密
279,慶應義塾を創立した人物は？,福沢諭吉
280,明治前期、専制政治に反対し、国会開設や立憲政治の確立などを訴えた運動は？,自由民権運動
281,1881年自由党を結成した人物は？,板垣退助
282,1882年立憲改進党を結成した人物は？早稲田大学の創設者でもある。,大隈重信
283,1889年制定された日本の憲法は？,大日本帝国憲法
284,明治時代、栃木県で起きた公害問題といえば？,足尾銅山鉱毒事件
285,東京日比谷にあった煉瓦造りの建物は？,鹿鳴館
286,1894年後の日清戦争の原因となった朝鮮で起こった農民の反乱は？,甲午農民戦争
287,1894～95年の朝鮮半島支配のために勃発した戦いは？,日清戦争
288,1895年の日清戦争の講和条約といえば？,下関条約
289,1895年の下関条約の日本代表で初代内閣総理大臣にもなった人は？,伊藤博文
290,日本が下関条約で得た半島は？,遼東半島
291,遼東半島を返還せざる負えなかったロシア、ドイツ、フランスの圧力のことを何という？,三国干渉
292,1901年操業を開始した日本最大の製鉄所は？,八幡製鉄所
293,1902年、日本が同盟を結んだ国は？日露戦争を有利に導き第一次世界大戦の日本参入のきっかけにもなった。,イギリス
294,1904年に起こった満州、韓国の支配権をめぐる戦争は？,日露戦争
295,1905年結ばれた日露戦争の講和条約は？,ポーツマス条約
296,ポーツマス条約の調停役を務めたアメリカ大統領は？,セオドア・ローズベルト
297,ポーツマス条約が結ばれたポーツマス市はどこの国にある？,アメリカ
298,写実小説『浮雲』の作者は？,二葉亭四迷
299,赤痢菌を初めて発見した人は？,志賀潔
300,初めてビタミンB１を発見した人は？,鈴木梅太郎
301,破傷風菌の培養に成功した人は？,北里柴三郎
302,『たけくらべ』『にごりえ』の作者は？,樋口一葉
303,『若菜集』『破戒』の作者は？,島崎藤村
304,『舞姫』『阿部一族』の作者は？,森鴎外
305,『吾輩は猫である』『草枕』の作者は？,夏目漱石
306,『みだれ髪』の作者は？,与謝野晶子
307,『一握の砂』の作者は？,石川啄木
308,清が滅び中華民国が建国するまでに至った革命は？,辛亥革命
309,足尾銅山鉱毒事件の告発者として有名な政治家は？,田中正造
310,約400万年前にアフリカにいたとされる最古の人類である猿人は？	,アウストラロピテクス
311,約50万年前に出現した2つの原人といえば？,北京原人・ジャワ原人
312,約20万年前にヨーロッパに現れた死者の埋葬を初めて行った旧人は？,ネアンデルタール人
313,約4万～1万年前にヨーロッパに現れた新人は？,クロマニョン人
314,洞穴美術で有名なスペインにあるクロマニョン人の遺跡は？,アルタミラ
315,洞穴美術で有名なフランスにあるクロマニョン人の遺跡は？,ラスコー
316,約50万年前現れた原人はジャワ原人と火を始めて利用した何原人？,北京原人
317,4大文明をすべて挙げよ,エジプト文明・メソポタミア文明・インダス文明・黄河文明
318,エジプトの古代の王を何と呼んだか？,ファラオ
319,3大ピラミッドは何の王様の象徴か？,クフ王・カフラー王・メンカウラー王
320,黄金のマスクで有名なエジプトの王は,ツタンカーメン
321,エジプト人が使い始めた暦といえば,太陽暦
322,エジプトで使われた物の形を使って表された文字,象形文字
323,ナポレオンのエジプト遠征の際に発見され古代エジプト文字の解読のきっかけになった石碑は？現在、大英博物館に保管されている。,ロゼッタストーン（ロゼッタ石）
324,ギザのピラミッドのそばにあるライオンの身体と人間の顔をもった建造物,スフィンクス
325,メソポタミアで始まったとされる暦といえば？,太陰暦
326,メソポタミアでシュメール人が使ったとされる文字は？,楔形文字(くさびがた文字)
327,メソポタミアを流れた2つの川といえば？,チグリス川、ユーフラテス川
328,メソポタミア文明を形成した民族といえば？,シュメール人
329,古代メソポタミアの主な都市国家を2つ,"ウル,ウルク,ラガシュetc"
330,古代メソポタミアで角度・時間を測るために使われたもの。,60進法
331,バビロン第一王朝で「目には目を歯には歯を」で有名な法典を王の名前をとって何という,ハムラビ法典
332,初めて鉄製武器を使用し、バビロン第一王朝を滅ぼした国は？,ヒッタイト王国
333,ヘブライ人（ユダヤ人）が信じた唯一神といえば？,ヤハウェ
334,インダス文明で有名な遺跡を二つ,モヘンジョ・ダロ、ハラッパ
335,インダス文明を滅ぼしたのではないかと言われているインド北西部に移住してきた住民は？,アーリヤ人
336,古代インドの身分制度は？,カースト制度
337,紀元前5世紀ごろ、仏教を始めた人,シャカ（ガウタマ・シッダールタ）
338,2～3世紀頃、北インドで流行ったギリシャ式仏教美術は,ガンダーラ美術
339,四大文明は、エジプト、メソポタミア、インダスとあと一つは？,黄河文明
340,伝説的でまだ解明はされていないが中国最古の王朝は？,夏
341,紀元前１６００年、湯王が建国した王朝は？,殷
342,殷の殷墟から発掘された亀甲などに刻まれていた文字は？,甲骨文字
343,殷の次の王朝は？後に東西に分かれた。,周
344,中国における戦国時代の後の最初の統一国家は？,秦
345,秦を中国の統一国家とした皇帝は？,始皇帝
346,春秋時代の末期、儒家の祖と言われる思想家は？,孔子
347,孔子の弟子たちが孔子の言葉をまとめた書物は？,論語
348,始皇帝が北方民族の侵入を防ぐために建設したものは？,万里の長城
349,項羽を退け劉邦が前202年に建国した国は？,漢
350,中国の歴史の父と称される司馬遷が著した中国歴史書は？,史記
351,古代ギリシャの都市国家。アテネ、スパルタなどが有名。,ポリス
352,最古の文学とされる、叙事詩『イリアス』『オデュッセイア』を著した人,ホメロス
353,ギリシャを征服した父に代わってわずか10年でエジプトからインド西岸までを支配したマケドニアの王は？,アレクサンダー大王
354,紀元前5世紀頃の50年間にわたるアケメネス朝ペルシャがギリシャ侵攻してきた時の戦いといえば。,ペルシャ戦争
355,紀元前490年のギリシャとペルシャとの戦い。マラソンの起源とする説がある。,マラトンの戦い
356,ギリシャ数学の基礎を作った人。三平方の定理が有名,ピタゴラス
357,アテネの哲学者で危険思想として殺された人間の普遍的な心理を探求した人。,ソクラテス
358,アテネの哲学者で『イデア論』といえば？,プラトン
359,ギリシャの哲学者でアレクサンダー大王の家庭教師もした人,アリストテレス
360,アレクサンダー大王の東方遠征によりオリエントとギリシャの文化が融合した文化,ヘレニズム文化
361,紀元前１世紀のローマの将軍でガリアに遠征してその土地を支配した人。『賽は投げられた』『ブルータスお前もか!』という言葉で有名。,ジュリアス・シーザー(カエサル)
362,エジプトプトレマイオス朝の最後の女王。世界三大美女の一人といえば？,クレオパトラ
363,ローマ帝国初代皇帝、アウグストゥスの称号を得た人物といえば？,オクタビアヌス
364,キリスト教の創始者。ユダヤの宗教裁判によりゴルゴダの丘の十字架で死刑になった。後に復活したと言い伝えられている。,イエス
365,395年ローマ帝国分裂により東ローマ帝国は別名何帝国と呼ばれたか？,ビザンツ帝国
366,80年にローマに完成した円形闘技場といえば？,コロッセウム(コロッセオ)
367,4世紀後半頃からヨーロッパで南の地中海方面へ大移動し始めた民族は？,ゲルマン人
368,ローマ帝国が東西分裂したのは何世紀？,4世紀(395年)
369,481年クローヴィスが建国した後のフランス・ドイツ、イタリアの地域の元となる王国は？,フランク王国
370,1096年から聖地エルサレムを占領していたイスラム軍排除を目的として派遣されたキリスト教軍は？,十字軍
371,1096年の十字軍の遠征の際エルサレムを支配していた国は？,セルジューク朝(セルジュク・トルコ)
372,1215年イギリスの憲法の始まりとされたもの。国王の専制を制限することが盛り込まれている。,マグナ・カルタ（大憲章）
373,イギリスvsフランスの1339年～1453年までの戦争。,百年戦争
374,100年戦争のフランスの英雄といえば？,ジャンヌ・ダルク
375,１４世紀～１６世紀にかけての再生という意味を持つヒューマニズムを根本精神とした言葉,ルネサンス
376,ダビデ像を作った人,ミケランジェロ
377,モナ＝リザの作者は,レオナルド・ダ・ビンチ
378,ビーナスの誕生の作者は,ボッティチェリ
379,ルネサンス期の三大発明といえば,火薬・羅針盤・活版印刷
380,『ヴェニスの商人』『ハムレット』『リア王』など著者は？,シェークスピア
381,『ドン＝キホーテ』の著者は？,セルバンテス
382,十日物語と訳される『デカメロン』の著者は？,ボッカチオ
383,それまで常識であった天動説を覆す地動説を唱えたポーランド出身の天文学者は？,コペルニクス
384,天文学の父と称されたイタリアの物理学者兼天文学者は？地動説を支持したが宗教裁判で放棄を命じられた。,ガリレオ・ガリレイ
385,１４９２年アメリカ大陸を発見した人は？,コロンブス
386,アメリカの名前の由来となった南アメリカを探検したイタリア人,アメリゴ・ベスプッチ
387,アフリカの喜望峰を迂回しインドに到達した人は？,バスコ・ダ・ガマ
388,スペイン王室の命令で世界一周を果たした一行は？（本人はフィリピンの住民に殺された）,マゼラン
389,アメリカ（北アメリカ）の先住民族は？,インディアン(ネイティブ・アメリカン)
390,アメリカ（南アメリカ）の先住民族は？,インディオ
391,バルトロメウ・ディアスが到達したアフリカの最南端(実際は違う)の岬は？,喜望峰
392,プロテスタント源流を作ったドイツで宗教改革をした人物は？,ルター
393,ルターが批判した、カトリック教会が発行した罪の償いを軽減する証明書は？,贖宥状(免罪符)
394,スイスのジュネーブで宗教改革をした人物は？,カルバン
395,イグナティウス・ロヨラやフランシスコ・ザビエルらが作った修道会は？,イエズス会
396,イギリス王を首長キリスト教教会。,イギリス国教会
397,イギリスの絶対王政の最盛期の女王といえば？スペインの無敵艦隊を撃破した。,エリザベス1世
398,1642年イギリスにおける王政派を共和制派が破った革命といえば？,清教徒革命(ピューリタン革命)
399,1642年の清教徒革命の後共和制政権下で政治をした人物は？,クロムウェル
400,1688年イギリスで起こった無血革命といえば？,名誉革命
401,『諸国民の富』（『国富論』）を著した人,アダム・スミス
402,『法の精神』を著した人物は？,モンテスキュー
403,『社会契約論』を著した人物は？,ルソー
404,『市民政府二論』を著した人物は？,ロック
405,フランスの絶対王政の代表的な人物は？『朕は国家なり』という言葉が有名。,ルイ１４世
406,1789年から始まるフランスにおける一連の革命といえば？,フランス革命
407,フランス革命で処刑されたルイ16世王妃は？,マリー・アントワネット
408,1804年フランス皇帝となった人物は？,ナポレオン
409,ナポレオンによって乱されたヨーロッパの戦後処理として行われた会議は？,ウィーン会議
410,エリザベス1世により設立され、アジア貿易を独占した会社は？,東インド会社 
411,大英帝国最盛期の女王といえば？,ヴィクトリア女王
412,1840年、イギリスと清との間で起こった戦争は？,アヘン戦争
413,1858年、セポイの反乱等を抑え込み結果的にイギリスによって滅ぼされたインドの帝国は？,ムガール帝国
414,アヘン戦争後の講和条約といえば？,南京条約
415,プロイセンの首相で鉄血政策を行った人といえば？,ビスマルク
416,1773年植民地人の急進派が東インド会社のお茶を投棄した事件は？,ボストン茶会事件
417,1775年から始まったアメリカとイギリスとの戦いといえば？,アメリカ独立戦争
418,初代アメリカ大統領は？,ワシントン
419,アメリカ独立宣言を起草した3代アメリカ大統領は？,ジェファーソン
420,1861年～1865年にかけてのアメリカ内部の戦争といえば？,南北戦争
421,1863年ゲチスバーグで奴隷解放宣言の演説をしたアメリカ大統領は？『人民の人民による人民のための政治』という言葉で有名。,リンカーン
422,イスラム教の開祖は?,ムハンマド(マホメット)
423,イスラム教の人をカタカタ4文字で何という？,ムスリム
424,イスラム教の経典を何という？,コーラン(クルアーン)
425,ムハンマドの後継者のことを何という？,カリフ
426,7世紀から13世紀までアラビア半島を支配した帝国は？,イスラム帝国
427,アラビア語文化の傑作で大小数百の逸話が含んでいるものといえば？,アラビアンナイト(千夜一夜物語)
428,13世紀から1922年までトルコを中心に栄えた帝国は？,オスマン帝国(オスマントルコ)
429,後漢末の184年から始まる農民の大反乱は？,黄巾の乱
430,後漢滅亡後始まった三国時代の三国とは？,魏・呉・蜀
431,208年魏vs呉蜀連合軍の戦いは？三国志で最も大きな戦いで映画『レッドクリフ』で扱われた。,赤壁の戦い
432,581年中国を統一した王朝は？,隋
433,618年中国を統一した王朝は？,唐
434,唐の都は？,長安
435,唐の玄宗皇帝が寵愛した世界三大美女の一人は？,楊貴妃
436,960年中国を統一した王朝は？,宋
437,ユーラシア大陸にまたがるモンゴル人の大帝国を建国した人は？,チンギス・ハン
438,南宋を滅ぼし中国の国号を元とした人は？,フビライ・ハン
439,1368年朱元璋が元を中国本土から追い出し建国した国は？,明
440,1636年に満洲において建国され、1644年～1912年まで中国を支配した最後の統一王朝は？,清
441,アヘンを厳禁し、その後のイギリスとのアヘン戦争に徹底抗戦した清末の政治家は？,林則徐
442,1851～1864まで続いた中国最大級の大反乱といえば？,太平天国の乱
443,6の乱を指揮していた人は？,洪秀全
444,1900年、清で起きた反帝国主義闘争は？,義和団事件
445,辛亥革命を起こした中心人物は誰。中国国民党を創設した。,孫文
446,朝鮮古代3国の一つで668年に滅ぼされた国は？,高句麗
447,朝鮮古代3国の一つで日本に仏教を伝えた国は？,百済(くだら、ひゃくさい)
448,朝鮮古代3国の一つで676年、朝鮮を統一した国は？,新羅(しんら、しらぎ)
449,1392年建国され日本による韓国併合まで続いた王朝は,李氏朝鮮
450,豊臣秀吉の朝鮮侵略により水軍を指揮し日本水軍を追い払ったことで朝鮮では英雄視されている人物は？,"李舜臣(リシュンシン,イスンシン)"
451,1950～1953までの南北の戦争。,朝鮮戦争
452,朝鮮民主主義人民共和国の建国の父といえば,金日成
453,1914年、サラエボ事件を発端に起こった帝国主義戦争は？,第一次世界大戦
454,第一次世界大戦で勝利した側を英・仏・露の同盟のこと。三国同盟に対して何という？,三国協商
455,1915年日本が中国に対して出した要求は？,二十一カ条の要求
456,1917年のロシア革命により成立した社会主義国は？,ソビエト
457,1918年富山県で起きた米の価格が上がったことによって起きた事件は？,米騒動
458,平民宰相として初めて本格的な政党内閣を組閣した人は？,原敬
459,国際連盟設立のために尽くしたアメリカ大統領は？,ウィルソン
460,1919年パリ講和会議の結果、連合国とドイツの間に結ばれた条約は？,ベルサイユ条約
461,1919年から起こった朝鮮の反日独立運動は？,三・一独立運動
462,1919年、中国の反日闘争運動は？,五・四運動
463,国際連盟発足当初の常任理事国の4カ国といえば？,英・仏・伊・日
464,1923年、9月1日に日本を襲った事件は？,関東大震災
465,1925年制定した反政府的言論、思想などを取り締まった法律は？,治安維持法
466,白樺派の小説家。『人間万歳』『友情』が代表作。,武者小路実篤
467,白樺派の小説家で、『暗夜行路』『城の崎にて』が代表作。,志賀直哉
468,小説家で、『細雪』が代表作。,谷崎純一郎
469,代表作『鼻』『羅生門』などがある小説家は？,芥川龍之介
470,代表作『雪国』『伊豆の踊り子』などがある小説家は？,川端康成
471,歌集『赤光』が代表作である歌人といえば？,斉藤茂吉
472,代表作『蟹工船』の小説家といえば？,小林多喜二
473,1914年、第一次世界大戦が始まる引き金となった事件は？,サラエボ事件
474,第一次世界大戦の勝者側の三国協商の三とはどこの国か？,英・仏・露
475,アメリカ大統領ウィルソンの十四カ条の原則により成立した国際機関は？,国際連盟
476,1925年制定した普通選挙法において、納税の有無に問わず何歳以上の男子に選挙権を認めたか？,25歳
477,第一次世界大戦前後の都市化や工業化を背景とした民主主義の風潮のことを何という？,大正デモクラシー
478,大正デモクラシーの理論的指導者といえば？,吉野作造
479,1929年ニューヨークのウォール街の株式が大暴落して始まった大不況は？,世界恐慌
480,世界恐慌の結果ニューディール政策を実施したアメリカ大統領は？,フランクリン・ルーズベルト
481,世界恐慌の結果、主にイギリス・フランス・アメリカが行った他国の輸入を抑えて自国と属領の連携を強化した政策は？,ブロック経済政策
482,1931年、柳条湖事件を発端に起こった満州における中国VS日本の衝突は？,満州事変
483,1932年建国された満州国の皇帝は？,溥儀
484,1932年海軍青年将校らが起こした反乱は？,五・一五事件
485,五・一五事件で暗殺された当時の首相は？,犬養毅
486,1936年、昭和維新をめざす皇道派青年将校が起こしたクーデター未遂事件は？,二・二六事件
487,1937年、盧溝橋事件から始まった中国VS日本の戦争といえば？,日中戦争
488,"1937年、中国のある都市で死者数十万人以上と言われた事件といえば？日本側(そんな事実はない,規模が小さかったのでは？)と中国側との歴史認識の差がある謎の事件でもある。",南京事件(南京大虐殺)
489,1939年始まった第二次世界大戦を起こしたナチスドイツの党首は？,ヒトラー
490,第一次世界大戦後にファシスト党の党首としてイタリアの政権を握った人は？,ムッソリーニ
491,太平洋戦争の発端となった日本軍の攻撃は？,真珠湾攻撃
492,太平洋戦争勃発時の日本軍首相は？,東条英機
493,1945年米・英・中が日本軍に降伏させようとした宣言は？,ポツダム宣言
494,第二次大戦中のソ連の指導者は？,スターリン
495,全体主義と略される暴力を政治の手段として使いながら強力な指導者の元で国民を統制したこと。,ファシズム
496,スペイン内戦の際ピカソが描いた作品,ゲルニカ
497,1939年第二次世界大戦はドイツがどこの国に侵攻して勃発したか？,ポーランド
498,第二次世界大戦の際ドイツと同盟を結んだ国の組み合わせとして正しいのはどれ,日本・イタリア
499,ドイツ軍のイギリス上陸を防いだイギリス首相は？,チャーチル
500,ヒトラーが迫害したのは人達は？,ユダヤ人
501,ユダヤ人迫害について日記で記録を残した少女は？,アンネ・フランク
502,ナチスによるユダヤ人などの大迫害があったポーランドの収容所は？,アウシュビッツ
503,1938年に制定された、政府が議会の承認を得ずに、国民の徴兵や物資の徴発ができるようにした法律,国家総動員法
504,太平洋戦争前に作られた日本政府への全国民的協力組織。,大政翼賛会
505,ポツダム宣言に基づき置かれた対日占領機関は？,ＧＨＱ
506,ＧＨＱの最高司令官は？,マッカーサー
507,1946年11月3日に公布され47年5月3日に施行された憲法は？,日本国憲法
508,1946年1によって実施された農業の民主的改革は？,農地改革
509,日本のＡ級戦犯を裁いた裁判は？,極東国際軍事裁判(東京裁判)
510,1947年制定された戦後の教育法といえば？,教育基本法
511,1945年に発足した国際機関。本部はニューヨーク。,国際連合
512,東（社会主義）VS西（資本主義）による対立状態を何というか？,冷戦
513,中国の内戦で勝利し1949年中華人民共和国を建国した政治家は？,毛沢東
514,1950年から始まった南北朝鮮の武力闘争は？,朝鮮戦争
515,大韓民国に対して朝鮮民主主義人民共和国を建国した政治家は？,金日成
516,1951年アメリカで結ばれた、対日平和条約は？,サンフランシスコ平和条約
517,サンフランシスコ平和条約に出席した日本の首相は？『バカヤロー解散』で有名。,吉田茂
518,1955年、前年の第五福竜丸事件を受け開催され始めた会は？,原水爆禁止世界大会
519,1955年、アジア・アフリカの独立国29カ国が参加し植民地主義の排除や平和十原則などを採択した会議は？,アジア・アフリカ会議
520,1955年、アジア・アフリカの独立国29カ国が参加し植民地主義の排除や平和十原則などを採択したアジア・アフリカ会議が開催された場所は？,バンドン
521,1956年のソ連と日本の戦争終結宣言。結果として日本の国際連合の加盟が実現した。,日ソ共同宣言
522,ノーベル平和賞を受賞した日本の首相は？,佐藤栄作
523,1949年日本人として初めてノーベル賞を受賞した人物は？中間子理論でノーベル化学賞を受賞。,湯川秀樹
524,戦後成立したユダヤ人の国は？,イスラエル
525,イスラエル建国後ユダヤ人とパレスチナ人との間の度重なる戦争は？,中東戦争
526,1949年ソ連の脅威を恐れて西側12カ国が結成した軍事同盟は？,ＮＡＴＯ
527,1955年、ＮＡＴＯに対して東側の国の軍事同盟は？,ワルシャワ条約機構
528,1962年、ソ連がアメリカの近くにミサイル基地を建設した事件といえば？,キューバ危機
529,朝鮮戦争の休戦ラインは北緯何度？,38度
530,消費者の4つの権利を提唱したアメリカ大統領は？,ケネディ
531,スターリンの批判を行ったことで知られるソ連の政治家は？,フルシチョフ
532,人類初の宇宙飛行を成功させ、「地球は青かった」という名言を残したソ連の人物は？,ガガーリン
533,1969年、人類で初めて月に降り立った人物は？,アームストロング
534,発展途上国と先進国の間の経済格差のことを何というか？,南北問題
535,冷戦の代理戦争の一つで東南アジアにて1965年から十年間にわたって戦争が起こり社会主義陣営が勝利した国は？,ベトナム
536,1972年の日本と中国の間に結ばれた国交正常化声明は？日本の上野動物公園にパンダが来たことで知られる。,日中共同声明
537,1978年に結ばれた日中間の友好の条約は？,日中平和友好条約
538,1973年第四次中東戦争により石油の値段が急激に上がった世界的な事件は？,第一次オイルショック
539,ソ連のゴルバチョフの民主化改革政策といえば？,ペレストロイカ
540,東西の冷戦状態が回復されることを何というか？,デタント
541,1986年旧ソ連ウクライナのキエフ郊外の大量放射能漏れがあった原発は？,チェルノブイリ
542,『羅生門』『七人の侍』『影武者』などの映画作品の監督は？,黒沢明
543,ノーベル文学賞を受賞した人。『飼育』が代表作。,大江健三郎
544,日本列島改造論を唱えた日本の首相は？,田中角栄
545,南アフリカ共和国で行われた人種差別政策は？,アパルトヘイト
546,ソ連が1979年軍事介入した国は？翌年モスクワオリンピックで西側諸国がボイコットした。,アフガニスタン
547,冷戦終結のマルタ会談に出席したアメリカ大統領は？,ブッシュ
548,1980年～88年にかけて中東で起こった戦争は？,イラン・イラク戦争
549,1973年のオイルショックの原因となった戦争は？,第四次中東戦争
550,田中角栄が逮捕された事件は？,ロッキード事件
551,1982年のフォークランド戦争でイギリスと領有権で争った国は？,アルゼンチン
552,1979年～1990年まで在任したイギリス初の女性首相は？,サッチャー
553,1985年ドル高是正のために各国が協調介入することを決めた合意を何というか？,プラザ合意
554,1989年消費税を導入した首相は？,竹下登
555,1997年消費税を5%に上げた際の首相は？,橋本龍太郎
556,東西冷戦の終結を話し合った会談は？,マルタ会談
557,1991年イラクがクウェートに侵攻して始まった戦争は？,湾岸戦争
558,ＥＵ結成の際に結ばれた条約は？,マーストリヒト条約
559,2001年同時多発テロの後、アメリカが攻めた国は？,アフガニスタン
560,アパルトヘイトを撤廃して1994年に南アフリカ共和国の初の黒人大統領になった人は？,マンデラ
561,2001年～2006年まで長期間にわたる日本の内閣総理大臣といえば？,小泉純一郎
562,2001年～2009年までアメリカの大統領は？9・11テロやイラク戦争などの問題に向き合った。,ブッシュ
563,2008年9月に倒産し、世界金融危機の引き金となった会社は？,リーマン・ブラザーズ
564,2000年～2008年までロシア連邦の大統領を務めた人は？,プーチン
565,1991年の湾岸戦争はイラクがどこの国に侵攻して勃発したか？,クウェート
566,2001年同時多発テロの後、アメリカが攻めたアフガニスタンが支配していた政権は？,タリバン
567,ミャンマーにおける非暴力民主化運動の指導者は？,アウンサンスーチー
568,2001年同時多発テロの容疑者となったアルカイダのリーダーは？,オサマ・ビン・ラディン
569,イラン・イラク戦争、湾岸戦争、イラク戦争などに関わり、大量虐殺などの罪で死刑執行されたイラクの元大統領は？,サダム・フセイン
570,アメリカ合衆国の首都は？,ワシントンDC
571,イギリスの首都は？,ロンドン
572,フランスの首都は？,パリ
573,ドイツの首都は？,ベルリン
574,中華人民共和国の首都は？,北京
575,大韓民国の首都は？,ソウル
576,朝鮮民主主義人民共和国の首都は？,ピョンヤン
577,ロシア連邦の首都は？,モスクワ
578,イタリアの首都は？,ローマ
579,オーストリアの首都は？,ウィーン
580,オーストラリアの首都は？,キャンベラ
581,カナダの首都は？,オタワ
582,メキシコの首都は？,メキシコシティー
583,ブラジルの首都は？,ブラジリア
584,ギリシャの首都は？,アテネ
585,インドの首都は？,ニューデリー(デリー)
586,シンガポールの首都は？,シンガポール
587,アルゼンチンの首都は？,ブエノスアイレス
588,エジプトの首都は？,カイロ
589,イスラエルの首都は？,エルサレム(イスラエルが主張)、テルアビブ(国連はこちらを首都と見なしている)
590,タイの首都は？,バンコク
591,オランダの首都は？,アムステルダム
592,ワシントンDC,アメリカ合衆国
593,ロンドン,イギリス
594,パリ,フランス
595,ベルリン,ドイツ
596,北京,中華人民共和国
597,ソウル,大韓民国
598,ピョンヤン,朝鮮民主主義人民共和国
599,モスクワ,ロシア連邦
600,ローマ,イタリア
601,ウィーン,オーストリア
602,キャンベラ,オーストラリア
603,オタワ,カナダ
604,メキシコシティー,メキシコ
605,ブラジリア,ブラジル
606,アテネ,ギリシャ
607,ニューデリー(デリー),インド
608,シンガポール,シンガポール
609,ブエノスアイレス,アルゼンチン
610,カイロ,エジプト
611,エルサレム,イスラエル
612,バンコク,タイ
613,アムステルダム,オランダ
614,世界一長い川は？,ナイル川
615,世界一流域面積の広い川は？,アマゾン川
616,アジアで最も長い川は？,長江(揚子江)
617,世界で4番目に長い北アメリカを流れる川は？,ミシシッピ川
618,中国で二番目に長い川は？,黄河
619,ヨーロッパの国際河川の一つでアルプスから北海へ流れる川は？,ライン川
620,ヨーロッパの国際河川の一つでアルプスから黒海へ流れる川は？,ドナウ川
621,アフリカでナイル川に次ぐ長さで、世界で2番目に流域面積の広い川は？,コンゴ川
622,アメリカとメキシコの国境を流れる河川は？,リオグランデ川
623,五大湖から大西洋に流れる河川は？,セントローレンス川
624,中国から東南アジア各地の国境を通りベトナムで南シナ海に流れる国際河川は？,メコン川
625,インド北西部、パキスタンを流れる河川といえば？,インダス川
626,"インド北東部、バングラデシュを流れる河川,ヒンドゥー教では聖なる川とされている。",ガンジス川
627,南アメリカ(アルゼンチン・ウルグアイ国境)を流れる国際河川といえば？,ラプラタ川
628,かつてメソポタミア文明を栄えさせた二つの川は？,"チグリス川,ユーフラテス川 "
629,標高8848ｍの世界一高い山は?,エベレスト
630,標高8611ｍの世界で二番目に高い山は?,K2
631,アフリカ大陸最高峰5895mの山は？,キリマンジャロ
632,西ヨーロッパ最高峰の山は？,モンブラン
633,アルプス山脈の登頂が困難なことで知られる山(テレビ番組『ウリナリ』『世界の果てまで行ってQ』の企画にもなった),マッターホルン
634,北米大陸最高峰のアラスカにある山。マッキンリーと呼ばれていたが2015年8月に改名された。,デナリ
635,南米大陸最高峰の山。アルゼンチンとチリの国境にある。,アコンカグア
636,世界で三番目に高い山は?,カンチェンジュンガ
637,ヒマラヤ山脈にある世界で四番目に高い山は?,ローツェ
638,(参考)火星にある太陽系で最も高い山は？,オリンポス山
639,地球上で最も標高の高いと言われる山脈。エベレストがある。,ヒマラヤ山脈
640,西ヨーロッパの中央部に連なる山脈。,アルプス山脈
641,北アメリカ大陸の西側に連なる山脈。,ロッキー山脈
642,南アメリカ大陸を南北に連なる山脈。,アンデス山脈
643,アフリカ北西部に連なる山脈。,アトラス山脈
644,フランスとスペインの国境となっている山脈。,ピレネー山脈
645,太平洋を囲む造山帯といえば？,環太平洋造山帯
646,ユーラシア大陸の南部に、東西につらなる造山帯のことを何というか？,アルプス・ヒマラヤ造山帯
647,世界で一番大きな島は？,グリーンランド
648,インドネシアを構成する主要な3つの島は？,スマトラ島、ジャワ島、カリマンタン(ボルネオ)島
649,"イギリスの主要な島でロンドン,マンチェスターなどの主要都市がある。",グレートブリテン島
650,日本では樺太と呼んでいるかつて日本領だった島は？,サハリン
651,フィリピンを構成する主な島2つといえば？,"ルソン島,ミンダナオ島"
652,ハワイを構成する主な島4つの島といえば？,"ハワイ島,オアフ島,マウイ島,カウアイ島"
653,スペインとポルトガルが含まれる半島は？,イベリア半島
654,"ギリシャ,ブルガリア,旧ユーゴスラヴィア等が含まれる、ヨーロッパの火薬庫と呼ばれる半島は？",バルカン半島
655,"タイ,ラオス,ミャンマー,ベトナム,カンボジア島が含まれる半島は？",インドシナ半島
656,世界最大の半島は？,アラビア半島
657,世界の六大陸といえば？,北アメリカ大陸・南アメリカ大陸・ユーラシア大陸・アフリカ大陸・オーストラリア大陸・南極大陸
658,三大洋といえば？,"太平洋,大西洋,インド洋"
659,ヨーロッパとアフリカの間の海は？,地中海
660,世界一広い砂漠は？,サハラ砂漠
661,世界一広い湖は？,カスピ海
662,世界で一番深い湖は？,バイカル湖
663,アラビア半島とアフリカ北西部の間の海といえば？,紅海
664,アフリカ最大の湖でナイル川の源流となっている。,ビクトリア湖
665,アメリカの五大湖を西側(上流)から順に5つ答えなさい。,スペリオル湖、ミシガン湖、ヒューロン湖、エリー湖、オンタリオ湖
666,地表で最も低い位置にある湖。塩分濃度が高いため浮力が高い。,死海
667,サウジアラビア、アラブ首長国連邦、オマーン、イエメンを覆う砂漠は？,ルブアルハリ砂漠
668,ヨーロッパとアジアの間にある内海。トルコの北にある。,黒海
669,世界の気候帯を6つ答えなさい。,熱帯・乾燥帯・温帯・冷帯・寒帯・高山帯
670,年中西からの風が吹く風。ヨーロッパや日本の気候に影響を与えている。,偏西風
671,日本や東南アジアに見られる季節によって風向きが変わる風といえば？,モンスーン(季節風)
672,砂漠で水が得られる場所のことを何というか？,オアシス
673,寒帯地域に見られる夏の間、雪や氷が溶けてコケ類が見られる湿地帯のこと。,ツンドラ
674,シベリア周辺などに広がる針葉樹林地帯のこと。,タイガ
675,乾燥帯で見られる、短い草が生えた草原のことを何というか？,ステップ
676,熱帯地方で雨季と乾季があるところに広がる、樹木がまばらに生える草原のこと。,サバナ(サバンナ)
677,赤道付近を一年を通してふく東よりの風を何というか？,貿易風
678,熱帯雨林地方で突発的に降る激しい雨を何というか？,スコール
679,EUの本部がある都市は？,ブリュッセル(ベルギーの首都)
680,イタリアのローマにある世界最小の国は？,バチカン市国
681,西ヨーロッパの国で日本より面積の大きい国は？,"フランス,スペイン,スウェーデン"
682,長靴の形をした国といえば？,イタリア
683,EUの母体となったベネルクス三国といえば？,ベルギー・オランダ・ルクセンブルク
684,"1992年に夏季オリンピックが開催され,サッカーでも有名なスペインの都市といえば？",バルセロナ
685,イタリアの長靴の先にある島は？,シチリア島 
686,ベルギー・オランダ・ルクセンブルクをまとめて何という？,ベネルクス三国
687,国際連盟の本部があったスイスの国際都市は？ ,ジュネーブ
688,西ヨーロッパの永世中立国を2つ答えなさい。,"スイス,オーストリア"
689,2006年冬季オリンピックが開催されたイタリアの都市といえば？,トリノ
690,1994年冬季オリンピックが開催されたノルウェーの都市といえば？,リレハンメル
691,グリーンランドはどこの国の領土？,デンマーク
692,水の都とも言われる映画祭でも有名なイタリアの都市は？,ベネチア(ベニス)
693,地中海沿岸にあるフランス最大の港湾都市といえば？,マルセイユ
694,ビートルズ生誕の地として知られるイギリスの都市は？,リバプール
695,イギリスを構成する4つの地域,"イングランド,ウェールズ,スコットランド,北アイルランド"
696,ヨーロッパとアフリカの間の海といえば？,地中海
697,西ヨーロッパの東西を連なる山脈は？イタリアとドイツの境界にある。,アルプス山脈
698,フランスとスペインの間にある山脈といえば？,ピレネー山脈
699,ギリシャとトルコの間の海。かつて文明が栄えたことでも知られる。,エーゲ海
700,ノルウエーの西岸などに見られる、氷河にけずられた谷に海水が入りこんできた湾のことを何というか？,フィヨルド
701,英仏海峡とも呼ばれる海峡といえば？,ドーバー海峡
702,アルプス山脈から北へ流れ北海に流れつく国際河川は？,ライン川
703,アルプス山脈から東へ流れ黒海に流れつく国際河川は？,ドナウ川
704,ノルウェー・スウェーデンが含まれる半島と言えば？,スカンジナビア半島
705,ヨーロッパ南東部の旧ユーゴスラビアやギリシャなどが含まれる半島は？,バルカン半島
706,ヨーロッパ西岸部に向かって流れる暖流を何という？,北大西洋海流
707,北海とバルト海を挟むデンマークの大部分を占める半島は？,ユトランド半島
708,スペインとモロッコの間にある海峡は？,ジブラルタル海峡
709,イタリアの南北にわたる山脈といえば？,アペニン山脈
710,イギリスやノルウェーの石油産出地として知られる海は？,北海
711,フランス北東部にあるワインなどの名産となっている地方といえば？,シャンパーニュ地方
712,ロンドンを流れるイギリスの有名な川は？,テムズ川
713,オランダの、国土の約1/4の海面よりも低い土地を何というか？,ポルダー
714,ドイツ・デンマークなどヨーロッパ北部に居住している民族は？,ゲルマン人
715,ロシア・ウクライナなどヨーロッパ東部に居住している民族は？,スラブ人
716,イタリアなどヨーロッパ南部に居住している民族は？,ラテン人
717,ヨーロッパ北部に広まった１６世紀に生まれたキリスト教の新しい宗派は？,プロテスタント
718,ヨーロッパ南部に信仰者がいるキリスト教の宗派は？,カトリック
719,ドイツのライン川流域にあるヨーロッパ最大の工業地域を何というか？,ルール工業地域
720,ヨーロッパで見られる牧畜と穀物の栽培を組み合わせた農業を何というか？,混合農業
721,イギリスとフランスの海底をつなぐトンネルを何と言う？,ユーロトンネル
722,オランダのライン川河口にあるＥＵ最大の港を何と言う？,ユーロポート
723,ノルウェーやスウェーデンなどの高緯度地域で見られる、太陽がほとんど沈まない明るい夜のこと,白夜
724,1889年に建設されパリのシンボルとなっている塔は？,エッフェル塔
725,ナポレオンが建設したものが特に有名なパリのシンボルとなっている門は？,凱旋門
726,フランス国内を走る高速鉄道を何というか？,TGV
727,ドイツ国内を走る高速鉄道を何というか？,ICE
728,ドイツ・オーストリア・スイスなどに広がる高速道路網を何というか？,アウトバーン
729,ドイツ南部にある観光街道といえば？,ロマンチック街道
730,ローマ街道の中でも最も有名なもののひとつ。街道の女王と呼ばれた。,アッピア街道
731,バルセロナにある建築家ガウディの未完作品の建造物といえば？,サグラダ・ファミリア
732,ロンドンにあるウェストミンスター宮殿の時計台の愛称といえば？,ビッグ・ベン
733,アメリカ合衆国で一番人口が多い都市は？,ニューヨーク
734,アメリカ合衆国で二番目に人口が多い都市は？,ロサンゼルス
735,アメリカ合衆国で三番目に人口が多い都市は？,シカゴ
736,自動車の街とも言われるミシガン州の大都市は？,デトロイト
737,石油工業が盛んで宇宙センターがあるテキサス州南東部にある港湾都市は？,ヒューストン
738,ハワイ州の州都でありハワイ最大の都市といえば？,ホノルル
739,ネバダ州の砂漠地帯にあるギャンブル施設がある観光都市といえば？,ラスベガス
740,1996年夏季オリンピックが開催されたジョージア州にある都市といえば？,アトランタ
741,2002年冬季オリンピックが開催されたユタ州の都市といえば？,ソルトレイクシティ
742,カリフォルニア州ロサンゼルス郡の西部に位置する高級住宅街が並ぶ都市といえば？,ビバリーヒルズ
743,"ロサンゼルス,サンフランシスコ,サンディエゴなどの大都市がある州は？",カリフォルニア州
744,イチローが所属していたシアトル・マリナーズのシアトルは何州にある？ ,ワシントン州 
745,気候区分では亜熱帯・熱帯に属す、アメリカ南東部の州は？,フロリダ州
746,アメリカの歴史のある都市の一つ。郊外のケンブリッチ市にはハーバード大学やマサチューセッツ工科大学がある港湾都市。,ボストン
747,2010年冬季オリンピックが開催されたカナダの都市は？,バンクーバー
748,南北アメリカの国々では初めて社会主義国といえば？,キューバ
749,鉄鋼業が盛んなアメリカペンシルベニア州の都市は？,ピッツバーグ
750,カナダで唯一公用語をフランス語にしている州は？,ケベック州
751,"年間を通してオーロラの出現率が高いことで知られる,カナダのノースウエスト準州の州都は？",イエローナイフ
752,アメリカ合衆国の州で一番面積が広いのは？,アラスカ州
753,アメリカ合衆国の州で二番面積が広いのは？,テキサス州
754,マリアナ群島の最大の島。観光地として有名。,グアム
755,北アメリカ大陸の西側のカナダからメキシコにかけて連なる山脈は？,ロッキー山脈
756,アメリカ合衆国の東部に連なる山脈は？,アパラチア山脈
757,北アメリカで最も長い川は？,ミシシッピ川
758,北アメリカ最高峰の山は？,デナリ(2015年まではマッキンリーと呼ばれていた)
759,アメリカとメキシコの国境となっている川は？,リオグランデ川
760,アメリカとカナダの国境となっている五大湖から大西洋まで流れる川は？,セントローレンス川
761,アメリカの五つの湖の五大湖を西(上流)から順に？,"スペリオル湖,ミシガン湖,ヒューロン湖,エリー湖,オンタリオ湖"
762,ロッキー山脈の東側とプレーリーの間を南北に広がる台地状の大平原の事を何というか？,グレートプレーンズ
763,北アメリカ大陸中央部、グレートプレーンズの西側に広がる長草の温帯草原地帯を何というか？,プレーリー
764,アメリカ合衆国の南東部に突き出た半島。ケネディ宇宙センターがある。,フロリダ半島
765,アメリカ・カナダの国境にある世界的観光地となっている滝といえば？,ナイアガラ滝
766,ハワイ諸島のオアフ島、ホノルル市の南東部にある海水浴場で有名な海岸といえば？,ワイキキビーチ
767,コロラド川の浸食作用によって削り出されたアメリカ合衆国アリゾナ州北部にある峡谷といえば？,グランドキャニオン
768,ハワイのオアフ島の観光名所である火口付近の結晶の輝きから間違えて命名された火山といえば？,ダイヤモンドヘッド
769,アメリカにある世界最古の国立公園。様々な間欠泉や温泉で有名。,イエローストーン国立公園
770,"メキシコ,グアテマラ,ベリーズにまたがる半島。マヤ文明の遺跡がある。また、恐竜が絶滅した巨大隕石が落下した地でもある。",ユカタン半島
771,アメリカ合衆国の国旗のことを何という？,星条旗
772,アメリカ合衆国の州の数は？,50
773,アメリカ合衆国の建国時の州の数は？,13
774,カリブ海と太平洋を結ぶ運河,パナマ運河
775,北アメリカ先住民の主要グループの呼称は？,インディアン
776,アラスカ北部の先住民といえば？,イヌイット
777,スペイン語圏からアメリカ合衆国に渡ってきた移民を何というか？,ヒスパニック
778,半導体産業が盛んなカリフォルニア州サンノゼ周辺一帯の通称。,サンベルト
779,映画産業の中心地であるロサンゼルスにある地区を何というか？,ハリウッド
780,ニューヨーク証券取引所がある、世界の金融の中心街は？,ウォール街
781,メキシコ料理におけるサンドイッチに似た軽食向けのスパイシーな料理といえば？,タコス
782,メキシコ湾やカリブ海で発生する熱帯低気圧が発達したものを何というか？,ハリケーン
783,ボストンからワシントンまでの大西洋沿岸の大都市群を何と呼ぶ？,メガロポリス
784,アメリカの由来となった人物は？,アメリゴ・ヴェスプッチ
785,金門橋とも訳されるサンフランシスコと北の町を結ぶ橋といえば？,ゴールデンゲートブリッジ
786,ミネソタ州にあるアメリカ合衆国における鉄鉱石の主産地は？,メサビ鉄山
787,ケッペンの気候区分によるとアメリカ西海岸の大分の気孔区分は？,地中海性気候（Cs）
788,アメリカ・カナダ・メキシコ間の自由貿易協定といえば？,NAFTA（北米自由貿易協定）
789,アメリカの自然条件に適した作物を集中的に栽培する農業のやり方を何と言う？,適地適作
790,アメリカのマンハッタンの大通り。劇場街として有名である。,ブロードウェイ
791,ワシントンにある大統領官邸の愛称は？,ホワイトハウス
792,スペイン語で赤道を意味する南米の国は？,エクアドル
793,南米で唯一公用語をポルトガル語としている国は？,ブラジル
794,銅の採掘量が世界一である南米の国といえば？,チリ
795,南半球で最も人口の多い都市であり都市圏人口が世界第三位である都市は？,サンパウロ
796,カーニバルで有名な都市は？ 2016年夏季オリンピック開催地。,リオデジャネイロ
797,ダーウィンが進化論を唱えるきっかけとなった諸島は？,ガラパゴス諸島
798,モアイ像で有名なチリの島は,イースター島
799,イギリス・アルゼンチンの間で領土問題となっている諸島は？,フォークランド諸島
800,ガラパゴス諸島はどこの国の領土？,エクアドル
801,ブラジル以外の南米の国の公用語といえば？,スペイン語
802,南アメリカとメキシコから南の国の総称は？,ラテンアメリカ
803,中南アメリカの先住民といえば？,インディオ
804,南アメリカ大陸を南北に連なる山脈は？,アンデス山脈
805,南アメリカで最長の川は？,アマゾン川
806,ペルー沖の海水温が平年より高くなる現象といえば？,エルニーニョ現象
807,ペルー沖の海水温が平年より低くなる現象といえば？,ラニーニャ現象
808,白人とインディオの混血の人達を何という？,メスチソ
809,空中都市とも呼ばれるインカ帝国の代表的な遺跡は？,マチュピチュ
810,ペルー・ボリビアの国境にある世界最高所の湖は？,チチカカ湖
811,ベネズエラ・コロンビアを流れる南アメリカの代表的な川は？,オリノコ川
812,南アメリカ(アルゼンチン・ウルグアイ国境)を流れる国際河川といえば？,ラプラタ川
813,アルゼンチンの農業が盛んな草原地帯は？,パンパ
814,"アジアNIEsと呼ばれる国,地域を4つすべて答えなさい。",韓国・台湾・香港・シンガポール
815,中国の正式名称は？,中華人民共和国
816,北朝鮮の正式名称は？,朝鮮民主主義人民共和国
817,都市圏人口では中国で最大である、太平洋沿岸のグローバル都市と言えば？,上海(シャンハイ)
818,1999年にポルトガルから中国に返還されたカジノで有名な都市は？,マカオ
819,都市圏人口が900万人になった香港に隣接する経済特区指定都市は？,シェンチェン(深セン)
820,中国の特別行政区であり、1997年イギリスから返還された都市といえば？,香港(ホンコン)
821,台湾最大の人口を誇る都市といえば？,台北(タイペイ)
822,韓国第二の都市として知られる南部にある港湾都市といえば？,プサン(釜山)
823,韓国にある世界を代表するハブ空港がある都市といえば？,インチョン(仁川)
824,油田が発見され工業都市に発展した中国北東部の都市といえば？,ターチン(大慶)
825,長江下流域にあるかつて様々な王朝の首都となった大都市といえば？,南京(ナンキン)
826,経済特区と呼ばれる地区の主要5つといえば？,"アモイ,スワトウ,シェンチェン,チューハイ,ハイナン島"
827,合併を繰り返し人口では中国最大都市である四川盆地にある工業都市といえば？,"重慶(じゅうけい,チョンチン)"
828,中国で一番長い川は？,長江(揚子江)
829,中国で二番目に長い川は？,黄河
830,世界遺産にも登録されている全長2400kmもある北方民族に備えて建設された城壁は？,万里の長城
831,日本と韓国が領有権を主張している島は？,竹島
832,"日本と中国,台湾が領有権を主張している諸島は？",尖閣諸島
833,遼東半島と山東半島で囲まれている石油や天然ガスが豊富な海は？,渤海
834,タジキスタン、アフガニスタン、中国にまたがり、世界の屋根と呼ばれる平均標高５０００mの高原といえば？,パミール高原
835,中国・新疆ウイグル自治区にある中国最大の内陸盆地といえば？,タリム盆地
836,中国の新疆ウイグル自治区にある世界第二位の広さの砂漠といえば？,タクラマカン砂漠
837,シェンチェン・コワンチョウ・（ホンコン）等が含まれる省は？,広東省
838,成都などの都市がある中国内陸部の省は？,四川省
839,長江中流域に造られた世界最大級のダムは？,三峡ダム
840,中国の人口の大部分を占める民族は？,漢民族
841,人口増加抑制のために中国で進められている政策は？2015年に廃止された。,一人っ子政策
842,"中国が経済発展のために法的、行政的に特別な地位を与えた地域(例:アモイ,スワトウ,シェンチェン,チューハイ,ハイナン島)のことを何というか？",経済特区
843,海外に住む中国系の人を何と呼ぶか？,華僑（華人）
844,韓国・北朝鮮の休戦ラインとなっている線は北緯何度？,北緯３８度
845,農家は政府から請け負った量をおさめさえすれば、残りの農作物を自由に市場に売ることが可能となった制度は？,生産責任制
846,チベットの指導者で中国からの独立運動を目指している人といえば？,ダライ・ラマ１４世
847,中国の外国企業と合同で作った企業を何というか？,合弁企業
848,中国の農民個人が経営する小さな企業を何というか？,郷鎮企業
849,中国で収入が1万元を超える裕福な家庭のことを何というか？,万元戸
850,朝鮮の女性の民族衣装といえば？,チマ・チョゴリ
851,朝鮮の伝統的な暖房装置といえば？,オンドル 
852,東南アジアの地域相互援助機構は？,ASEAN(東南アジア諸国連合)
853,スマトラ島、カリマンタン島、ジャワ島などからなる国は？,インドネシア
854,ルソン島、ミンダナオ島等からなる国は？,フィリピン
855,かつてシャムと呼ばれていた国といえば？,タイ
856,インドシナ半島西部にあるかつてビルマと呼ばれたイギリスから独立した国は？,ミャンマー
857,21世紀最初の独立国といえば？,東ティモール
858,ベトナム・ラオス・カンボジアを1954年まで支配していた国は？,フランス
859,"アンコール・ワット,アンコール・トムなどの遺跡がある国といえば？",カンボジア
860,石油や天然ガスが豊富なカリマンタン島にある小さな王国は？,ブルネイ(ブルネイ・ダルサラーム)
861,長期にわたってオランダに支配されていた東南アジアの国は？,インドネシア
862,"スペイン,アメリカに支配された東南アジアの国は？",フィリピン
863,東ティモールはインドネシアの占領から解放され、実質どこの国から独立したか？,ポルトガル
864,マレーシア・シンガポールを長い間支配していた欧米の国といえば？,イギリス
865,東南アジア東部の社会主義国家といえば？,ベトナム
866,インドシナ半島の東の海といえば？,南シナ海
867,インドネシアを構成する主要な3つの島は？,"スマトラ島,ジャワ島,カリマンタン島(ボルネオ島)"
868,フィリピンを構成する主要な2つの島は？,"ルソン島,ミンダナオ島"
869,インドネシアのジャワ島の東側にある観光地として有名な島は？,バリ島
870,マレーシア、タイ、カンボジア、ベトナムなどが含まれる半島の名前は？,インドシナ半島
871,"マレーシア,シンガポールなどが含まれる半島は？",マレー半島
872,タイのバンコクを流れるタイ最大の川といえば？,チャオプラヤ川
873,チベット高原から多くの東南アジアの国の国境を為しベトナムの下流まで続く国際河川といえば？,メコン川
874,ミャンマー中央部を流れる大きな川といえば？,エーヤワディー川（旧イラワジ川）
875,マレー半島とスマトラ島の間の海峡といえば？,マラッカ海峡
876,タイ最大の島。観光地として有名。2004年の大津波で大きな被害を受けた。,プーケット島
877,インドネシアで最も信仰されている宗教は？,イスラム教
878,タイで最も信仰されている宗教は？,"仏教（上座部仏教,小乗仏教）"
879,フィリピンで最も信仰されている宗教と言えば？,キリスト教
880,１９世紀に帝国主義国によって東南アジアの植民地で行われた大規模農場を何というか。,プランテーション
881,熱帯地域の河口域の塩性湿地に成立する森林を何と呼ぶ？,マングローブ
882,アジアやアフリカの国が1955年にインドネシアのバンドンに集まって平和十原則を決めた会議を何と言う？,"アジア・アフリカ会議（AA会議,バンドン会議）"
883,フィリピンの農園で多く栽培され、日本にも多く輸出されている果実といえば？,バナナ
884,カンボジアにあるカンボジア国旗にも描かれている遺跡は？,アンコール・ワット
885,インドネシアのジャワ島にある大乗仏教遺跡といえば？,ボロブドゥール
886,特定の1つの農産物や鉱山資源などにたよった経済のことを何というか？,モノカルチャー経済
887,都市人口がインド最大であり、都市圏人口は世界第四位の都市は？,ムンバイ（旧ボンベイ）
888,ムガール帝国があった国といえば？,インド 
889,インドの南北にわたる高原といえば？,デカン高原
890,インド、パキスタン、中国の国境付近に広がる、山岳地方のことを何と言う？国境問題となっている。,カシミール地方
891,インドで最も信仰されている宗教は？,ヒンズー教(ヒンドゥー教)
892,インド社会に古くからある身分制度といえば？,カースト制度
893,インドの東にある人口密度が世界一の国家といえば？,バングラデシュ
894,インド北西部、パキスタンを流れる河川は？,インダス川
895,"インド北東部、バングラデシュの流れる河川,ヒンドゥー教では聖なる川とされている。",ガンジス川
896,かつてペルシャと呼ばれた国は？,イラン
897,長年、アラブ諸国と対立し続けたユダヤ人の国は？,イスラエル
898,石油の埋蔵量が世界一と言われているアラビア半島の国は？,サウジアラビア
899,"ドバイ,アブダビなどの7つの首長国からなる国は？",アラブ首長国連邦(UAE)
900,メソポタミア文明発祥の地と言われる国は？,イラク
901,"アジア,ヨーロッパの2つの国にまたがる国は？",トルコ
902,"キリスト教,イスラム教,ユダヤ教の聖地である都市は？",エルサレム
903,"かつてコンスタンティノープル,ビザンティオンとも呼ばれた歴史ある都市は？",イスタンブール
904,巡礼者が多く訪れるサウジアラビアにあるイスラム教の聖地は？,メッカ
905,アラブ首長国連邦の経済の中心地である首長国は？,ドバイ
906,1979年のソ連侵攻、2001年の同時多発テロのアメリカ軍の矛先となった国は？,アフガニスタン
907,"小アジア,アナトリアと言われる地域がある国は？",トルコ
908,紅海と地中海を結ぶ運河といえば？,スエズ運河
909,ヨーロッパとアジアの間にある内海といえば？,黒海
910,サウジアラビアとイランの間の湾は？,ペルシャ湾
911,イランの国教は？何教何派か？,イスラム教・シーア派
912,イスラエル・ヨルダン間にある地表で最も低い場所にある湖といえば？,死海
913,イラン・イラク・サウジアラビアなどの石油産油国によって設立された石油輸出機構の略称は？,OPEC(オペック)
914,アラビア半島の大部分を占める砂漠といえば？,ルブアルハリ砂漠
915,エジプトとサウジアラビアの間の海といえば？,紅海
916,2003年のイラク戦争後内紛のきっかけとなった三つのグループは？,シーア派、スンニ派、クルド人
917,ヨーロッパとアジアの間の海峡(黒海と地中海の間)といえば？,ボスポラス海峡
918,アフリカで一番人口の多い国は？,ナイジェリア
919,ピラミッドがあるアフリカ北東の国,エジプト
920,アフリカ最南端の国といえば？金やダイヤモンドなどの鉱山資源が豊富である。,南アフリカ共和国
921,アフリカ最古の独立国として知られる、アフリカ北東の国は？,エチオピア
922,三大ピラミッドがあるエジプトの都市は？,ギザ
923,アフリカ大陸で赤道直下の国といえば？,"ソマリア,ケニア,ウガンダ,コンゴ共和国,コンゴ民主共和国,ガボン"
924,南アフリカのかつてアジアとヨーロッパの貿易の補給のための食糧基地があった都市は？,ケープタウン
925,パリ・ダカのダカールはどこの国の首都か？,セネガル
926,アフリカ最初の黒人共和国といえば？,リベリア
927,カカオの生産・輸出で有名な国2つといえば？,"コートジボワール,ガーナ"
928,2011年に独立を果たした国家は？,南スーダン
929,アフリカ最高峰の山といえば？,キリマンジャロ
930,アフリカで一番広い湖は？,ビクトリア湖
931,世界で一番長い河川といえば？,ナイル川
932,アフリカ北部全域に広がる世界一広い砂漠は？,サハラ砂漠
933,サハラ砂漠南部に広がる砂漠化しそうな地帯を何というか？,サヘル地帯
934,アフリカの国々が次々と独立を果たした1960年を何というか？ ,アフリカの年
935,エジプトの南部にあるナイル川のせきとめたダムといえば？,アスワンハイダム
936,"コートジボアール,ガーナで生産の多い商品作物は？",カカオ
937,南アフリカ共和国にかつてあった人種隔離政策を何というか？,アパルトヘイト
938,アフリカ大陸北部のモロッコからチュニジアにかけて東西に連なる山脈は？,アトラス山脈
939,西アフリカを流れギニア湾に注ぐ河川といえば？,ニジェール川
940,中部アフリカを流れる流域面積が世界２位で、アフリカで二番目に長い川は？,コンゴ川
941,ケニア南部からタンザニア北部一帯の先住民といえば？,マサイ族
942,"ザンビア,コンゴ民主共和国にまたがる銅山地帯といえば？",カッパーベルト
943,"1922年成立した社会主義国家,1991解体された。",ソビエト社会主義共和国連邦(ソ連)
944,世界で一番広い面積の国は,ロシア
945,バルト三国を3国をすべて答えなさい,"エストニア,ラトビア,リトアニア"
946,旧ソビエト連邦の12カ国で形成された緩やかな国家連合体の略称は？,CIS(独立国家共同体)
947,ロシア革命以前の首都で貿易港で有名なロシア第二の都市は？,サンクトペテルブルク
948,度々紛争が起こるロシア連邦内のカフカスにある共和国は？,チェチェン共和国
949,ロシアの極東部に位置する都市。東方を支配する町という意味がある。,ウラジオストク
950,ロシアのシベリア最大の都市。,ハバロフスク
951,"エストニア,ラトビア,リトアニアの3国をまとめて何という？",バルト三国
952,ロシアの首都は？,モスクワ
953,世界遺産でもあるロシアの首都モスクワの都心部にある広場といえば？,赤の広場
954,モスクワにある世界遺産にも指定された旧ロシア帝国の宮殿といえば？,クレムリン宮殿
955,ロシアを南北に縦断するヨーロッパ、アジアの境目の山脈は？,ウラル山脈
956,北海道の真北にあるかつて日本が南半分を支配していた島といえば？,サハリン(樺太)
957,1904年に開通したモスクワ・ウラジオストク間の鉄道といえば？,シベリア鉄道
958,1986年にウクライナのキエフ郊外で史上最悪の原発事故を起こした原発といえば？ ,チェルノブイリ原発
959,ウクライナ東部の工業地域を何というか？,ドニエプル工業地域
960,千島列島の北東部、ユーラシア大陸北東部にある半島は？,カムチャッカ半島
961,アラスカとロシア間にある列島は？,アリューシャン列島
962,アラスカとロシア間の海峡といえば？,ベーリング海峡
963,ウクライナからシベリア南部まで広がる土の色が黒色で農地に適した地帯といえば？,黒土地帯
964,ロシアにある世界で最も深い湖は？,バイカル湖
965,オーストラリアで一番人口が多い都市は？,シドニー
966,オーストラリアで二番人口が多い都市は？,メルボルン
967,オセアニア地方で二番目に人口が多い国は？,パプアニューギニア
968,オーストラリアの南東にある島国といえば？,ニュージーランド
969,オーストラリア北東部、珊瑚海に臨む観光都市といえば？,ケアンズ
970,最も早く新年を迎える国は？,キリバス
971,ニューカレドニアはどこの国の領土？,フランス
972,タヒチ島はどこの植民地？,フランス
973,オセアニアの海洋区域の分類の一つで概ね赤道より北で日付変更線より西の区域のこと,ミクロネシア
974,オセアニアの海洋区域の分類の一つで概ね赤道より南で日付変更線より西の区域のこと,メラネシア
975,オセアニアの海洋区域の分類の一つで概ねニュージーランド北東部区域のこと,ポリネシア
976,オーストラリア北東部にある世界最大のサンゴ礁は？,グレートバリアリーフ
977,オーストラリア東部のブリズベンの南の砂浜海岸といえば？,ゴールドコースト
978,オーストラリア内陸の中央部にある世界最大級の1枚岩といえば？,エアーズロック
979,オーストラリアで行われていた白人優先の政策といえば？,白豪主義
980,オーストラリアが生産量一番であるアルミニウムの原料といえば？,ボーキサイト
981,オーストラリアの先住民といえば？,アボリジニ
982,ニュージーランドの先住民といえば？,マオリ族
983,シドニーにある、世界的に有名な歌劇場といえば？,シドニー・オペラハウス
984,北海道の県庁所在地は	○○市,札幌
985,岩手県の県庁所在地は	○○市,盛岡
986,宮城県の県庁所在地は	○○市,仙台
987,茨城県の県庁所在地は	○○市,水戸
988,栃木県の県庁所在地は	○○○市,宇都宮
989,群馬県の県庁所在地は	○○市,前橋
990,埼玉県の県庁所在地は	○○○○市,さいたま
991,神奈川県の県庁所在地は	○○市,横浜
992,山梨県の県庁所在地は	○○市,甲府
993,愛知県の県庁所在地は	○○○市,名古屋
994,石川県の県庁所在地は	○○市,金沢
995,滋賀県の県庁所在地は	○○市,大津
996,三重県の県庁所在地は	○市,津
997,兵庫県の県庁所在地は	○○市,神戸
998,島根県の県庁所在地は	○○市,松江
999,香川県の県庁所在地は	○○市,高松
1000,愛媛県の県庁所在地は	○○市,松山
1001,沖縄県の県庁所在地は	○○市,那覇
1002,札幌市はどこの都道府県の県庁所在地か？,北海道
1003,盛岡市はどこの都道府県の県庁所在地か？,岩手
1004,仙台市はどこの都道府県の県庁所在地か？,宮城
1005,水戸市はどこの都道府県の県庁所在地か？,茨城
1006,宇都宮市はどこの都道府県の県庁所在地か？,栃木
1007,前橋市はどこの都道府県の県庁所在地か？,群馬
1008,さいたま市はどこの都道府県の県庁所在地か？,埼玉
1009,横浜市はどこの都道府県の県庁所在地か？,神奈川
1010,甲府市はどこの都道府県の県庁所在地か？,山梨
1011,名古屋市はどこの都道府県の県庁所在地か？,愛知
1012,金沢市はどこの都道府県の県庁所在地か？,石川
1013,大津市はどこの都道府県の県庁所在地か？,滋賀
1014,津市はどこの都道府県の県庁所在地か？,三重
1015,神戸市はどこの都道府県の県庁所在地か？,兵庫
1016,松江市はどこの都道府県の県庁所在地か？,島根
1017,高松市はどこの都道府県の県庁所在地か？,香川
1018,松山市はどこの都道府県の県庁所在地か？,愛媛
1019,那覇市はどこの都道府県の県庁所在地か？,沖縄
1020,"沿岸国の200海里までの水産資源,海底資源は自国のものである水域といえば？","排他的経済水域(経済水域,EEZ)"
1021,領海は海岸から何海里まで？,12海里
1022,どこの国にも属さない海を何と呼んでいるか？,公海
1023,日本最南端の島といえば？,沖ノ鳥島
1024,日本最東端の島といえば？,南鳥島
1025,日本最西端の島といえば？,与那国島
1026,現在ロシアが実効支配しており日本が変換を要求している4島のこと,北方領土
1027,日本がロシアに変換を要求している4島は？,"択捉島,国後島,歯舞島,色丹島"
1028,日本の最北端の島は？,択捉島
1029,日本と中国の間で度々衝突が起こる諸島は？,尖閣諸島
1030,"日本と韓国,北朝鮮の間で領土問題となっている島は？",竹島(※朝鮮では独島と呼ばれている)
1031,第二次世界大戦が終わるまで南半分が日本の領土であり、現在はロシアが統治している島は？,サハリン(樺太)
1032,日本で一番長い川は？,信濃川
1033,日本で一番流域面積の広い川は？日本で二番目に長い。日本三大暴れ川の一つで坂東太郎とも呼ばれる。,利根川
1034,北海道で一番長い川は？,石狩川
1035,東北地方で一番長い川は？,北上川
1036,琵琶湖から大阪湾に流れる川は？日本一支流数が多い。,淀川
1037,高知県西部に流れる四国地方で一番長い川。日本最後の清流とも呼ばれる。,四万十川
1038,四国地方の高知から徳島にかけて流れる、日本三大暴れ川の一つで四国三郎とも呼ばれる。,吉野川
1039,九州地方最大の河川で日本三大暴れ川の一つで筑紫次（二）郎とも呼ばれる。,筑後川
1040,山形県を流れる日本三大急流の一つは？松尾芭蕉の俳句でも歌われた。,最上川
1041,長野、山梨、静岡を流れる日本三大急流の一つは？,富士川
1042,熊本県を流れる日本三大急流の一つは？,球磨川
1043,山地が海に沈んでできたギザギザの海岸線のことを何という？,リアス式海岸
1044,山地から平地に出るところに土砂が堆積してできた扇状の傾斜地のこと,扇状地
1045,河口付近で見られる三角形の地形のこと,三角州(デルタ)
1046,千島列島から日本の東まで北から南へ流れる海流(寒流),親潮(千島海流)
1047,東シナ海を北上し日本の南側を西から東へ流れる海流(暖流),黒潮(日本海流)
1048,日本海を北から南へ流れる海流(寒流),リマン海流
1049,日本海を南から北へ流れる海流(暖流),対馬海流
1050,季節によってふく方向が変化する風。,季節風(モンスーン)
1051,日本上空を西から東へふく風。,偏西風
1052,山を越え暖かく乾いた風が吹き気温が上昇する現象といえば？,フェーン現象
1053,東北日本と西南日本の境目とされる地帯。,フォッサマグナ
1054,日本で人口の多い都市ベスト4は(多い順に)？,"東京,横浜,大阪,名古屋"
1055,日本三大都市と言えば？,"東京,大阪,名古屋"
1056,日本で面積の大きい都道府県ベスト3は？,"北海道,岩手県,福島県"
1057,日本で一番高い山は？,富士山
1058,日本で二番目に高い山は？,北岳
1059,日本で一番長い川は？,信濃川
1060,日本で一番流域面積の広い川は？,利根川
1061,日本で一番広い湖は？,琵琶湖
1062,日本で二番目に広い湖は？,霞ヶ浦
1063,日本で一番深い湖は？,田沢湖
1064,日本アルプスと呼ばれる3つの山脈は？,"飛騨山脈,木曽山脈,赤石山脈"
1065,日本三景と言えば？,"松島,天橋立,厳島(宮島)"
1066,日本三名園,"兼六園,偕楽園,後楽園"
1067,四代工業地帯と言えば？,"京浜工業地帯,阪神工業地帯,中京工業地帯,北九州工業地帯"
1068,"関東から北九州までの一連の工業地域,工業地帯を何という",太平洋ベルト
1069,日本三大急流,"最上川,富士川,球磨川"
1070,最も多くの県と隣接している都道府県は？,長野県
1071,"道庁があり政令指定都市,地方中枢都市でもある北海道最大の都市は？",札幌市
1072,北海道の南端の夜景で有名な商業都市は？青函トンネルで本州とつながっている。,函館市
1073,上川盆地にあり北海道で2番目に人口が多い都市は？日本の最低気温を記録したこともある。,旭川市
1074,北海道東部にある、霧の町で有名な漁業都市は？,釧路市
1075,北海道最北端にある、水産都市は？,稚内市
1076,流氷祭りで有名なオホーツク海に面した都市は？,網走市
1077,メロンの産地としても有名で2007年財政難となった都市は？,夕張市
1078,札幌の西にある港湾都市は？,小樽市
1079,北海道中南部にある港湾都市。チキュウ岬がある。鉄鋼、機械、石油化学などの工業都市は？,室蘭市
1080,十勝平野の中心の商業都市は？,帯広市
1081,"札幌の南にある都市。石油化学,アルミニウム工業で有名。",苫小牧市
1082,ドラマ『北の国から』の舞台にもなったラベンダーで有名な都市は？,富良野市
1083,札幌を含んでいる平野は？,石狩平野
1084,上川盆地から石狩平野を流れる日本で二番目に長い川は？,石狩川
1085,旭川市を含んでいる稲作が盛んな盆地は？,上川盆地
1086,帯広市を含んでいる北海道南東部の平野は？,十勝平野
1087,釧路を含んでいる火山灰の大地といえば？,根釧台地
1088,不毛の地と呼ばれた根釧台地に作られた実験農場といえば？,パイロットファーム
1089,北海道の南にあり夕張山地の東側に南北に連なる山脈は？,日高山脈
1090,天塩山地の東側に南北に連なる山地は？,北見山地
1091,函館を含んでいる北海道南西部の半島といえば？,渡島半島
1092,北海道南西部にある島。1993年の地震で大きな被害を受けた。,奥尻島
1093,日本で3番目に広い湖。汽水湖としては日本で一番広い湖といえば？,サロマ湖
1094,釧路市にある湖。天然記念物のマリモやワカサギ釣りでも有名。,阿寒湖
1095,北海道の中央部の最南端で森進一の楽曲でも有名な岬といえば？,襟裳岬
1096,北海道の稚内市にある岬といえば？,宗谷岬
1097,北海道の玄関口として知られる国際的な空港は？,新千歳空港
1098,北海道やサハリンに住んでいた原住民といえば？,アイヌ
1099,札幌で毎年2月に開催される全国的に有名なお祭りといえば？,雪まつり
1100,網走市で毎年2月に開催される雪像や氷像等が展示されるお祭りといえば？,網走流氷祭り
1101,北海道日本沿岸の民謡といえば？,ソーラン節
1102,1992年から始められた、ソーラン節と高知のよさこい祭りを融合させたお祭りは？,よさこいソーラン
1103,旭川市にある動物の展示スタイルが画期的な日本最北端の動物園といえば？,旭山動物園
1104,北海道の鮭の鍋料理と言えば？,石狩鍋
1105,札幌のお土産でおなじみのホワイトチョコレートのお菓子は？,白い恋人
1106,東北の地方中枢都市であり政令指定都市といえば？,仙台市
1107,りんご、米などの集散地で水産業が盛んな都市は？ねぶた祭りで有名。,青森市
1108,わんこそば、冷麺、ジャージャー麺、南部鉄器で有名な都市は？,盛岡市
1109,臨海の工業地域で石油化学、金属、化学肥料などの工業が発達。４大祭りの竿灯で有名。,秋田市
1110,花笠まつりで有名な都市といえば？,山形市
1111,"桃,梨,リンゴ,さくらんぼ栽培が盛んな福島県で人口三番目の都市は？",福島市
1112,福島県南部の中心都市。東北新幹線の駅があり交通上重要な都市といえば？,郡山市
1113,福島県の沿岸部の都市。東北で2番目に人口が多い。,いわき市
1114,りんご、米などの集散地で水産業が盛んな都市は？ねぷた祭りで有名。,弘前市
1115,青森県の東南部の漁港都市といえば？,八戸市
1116,青森県の北西側の半島といえば？,津軽半島
1117,青森県の北東側の半島といえば？,下北半島
1118,秋田県の西側にある半島といえば？,男鹿半島
1119,東北地方の南北におよそ500km連なる山脈は？,奥羽山脈
1120,青森・秋田の県境の山地。日本最大のぶな原生林があり世界遺産にも登録されている。,白神山地
1121,宮城・福島・茨城の東側に連なる山地は何高地と言われる？,阿武隈高地
1122,青森・岩手・宮城の東側に連なるなだらかな高原といえば？,北上高地
1123,青森・秋田の県境にある湖は？,十和田湖
1124,秋田県にある日本で一番深い湖は？,田沢湖
1125,日本で四番目に広い福島にある湖は？,猪苗代湖
1126,山形県の北西部の平野は？,庄内平野
1127,岩手県の中心の盆地は？,北上盆地
1128,東北で1番、日本で4番目に長い川といえば？,北上川
1129,山形県を流れる日本三大急流の一つとされる川は？,最上川
1130,福島、宮城を流れる東北で2番目に長い川は？,阿武隈川
1131,秋田県にあるかつては日本で2番目に広かった湖。現在は干拓が進んでいる。北緯40度。,八郎潟
1132,青森・岩手・宮城の東海岸を何という？一部リアス式海岸となっている。,三陸海岸
1133,東北四大祭りの一つで青森市で行われる祭り。弘前市では一文字違いの祭り,ねぶた
1134,東北四大祭りの一つで仙台市で行われる祭り。旧暦の7月(現在の8月)に開催される。,七夕
1135,東北四大祭りの一つで秋田市で行われる祭り。,竿灯
1136,東北四大祭りの一つで山形市で行われる祭り。,花笠まつり
1137,岩手県の伝統ある鉄器,南部鉄器
1138,東北地方の東北自動車道沿線にIC工場が多い事から何と呼ばれている？,シリコンロード
1139,粳米を原料として棒状にした秋田県の郷土料理は？,きりたんぽ
1140,仙台市の満月をイメージしたカスタードクリームのお菓子といえば？,萩の月
1141,日本三大ラーメンの一つでもある福島県のラーメンといえば？,喜多方ラーメン
1142,盛岡三大麺といえば？,わんこそば、冷麺、じゃじゃ麺
1143,高級マグロで有名な青森県の下北半島の最北端の町は？,大間
1144,青森市にある縄文時代の遺跡は？,三内丸山遺跡
1145,日本の首都で、23区から成り立つ都市は？,東京
1146,神奈川県にある日本で二番目に人口が多い都市は？,横浜市
1147,千葉県の県庁所在地で政令指定都市でもある都市は？,千葉市
1148,浦和市、大宮市、与野市が合併した埼玉県の県庁所在地は？,さいたま市
1149,ぎょうざで有名な栃木県の県庁所在地は？,宇都宮市
1150,納豆で有名な茨城県の県庁所在地は？,水戸市
1151,生糸・絹織物等の産地で知られる群馬県の県庁所在地は？,前橋市
1152,東京と横浜の間にある政令指定都市は？,川崎市
1153,東京都の西部の都市。東京都で2番目の人口を誇る。,八王子市
1154,神奈川県で三番目に人口が多い県北部にある政令指定都市は？,相模原市
1155,神奈川県南東部の三浦半島に位置する湾港都市。,横須賀市
1156,ディズニーリゾートがある千葉県の都市は？,浦安市
1157,茨城県北部にある、日本最大級の総合電機メーカーの創業地としても知られる都市は？,日立市
1158,漫画『くれよんしんちゃん』の舞台となっている埼玉県の都市は？,春日部市
1159,関東を覆う日本最大の平野といえば？,関東平野
1160,関東地方の火山灰が堆積してできた赤土の層のこと,関東ローム
1161,千葉県の大部分を占める半島といえば？,房総半島
1162,神奈川県の南東部の半島といえば？,三浦半島
1163,千葉県と茨城県の境を流れる日本で一番流域面積の広い川といえば？,利根川
1164,およそ東京都と神奈川県の境を流れ東京湾に流れる川といえば？,多摩川
1165,埼玉県西部から東京湾に流れる川といえば？,荒川
1166,茨城県南東部にある日本で二番目に広い湖といえば？,霞ヶ浦
1167,関東地方と中部地方の境にある山地といえば？,関東山地
1168,新潟と福島、群馬の県境の山脈といえば？,越後山脈
1169,千葉県の刑部岬～太東崎の海岸といえば？,九十九里浜
1170,房総半島と三浦半島に囲まれている湾といえば？,東京湾
1171,東京都特別区の日本の南側にある約1000kmの30余の島々といえば？,小笠原諸島
1172,"高級な商店街,下町でお馴染みの地域。江戸時代に貨幣の鋳造所があったことが名前の由来。",銀座
1173,都心の一つで、千代田区南部の地域。国の省庁が集中している。,霞ヶ関
1174,都心の一つで、千代田区南部の地域。国会議事堂や首相官邸がある。,永田町
1175,"東京の副都心の一つ。若者の街として知られ、ハチ公,109,スクランブル交差点,NHK放送センターがある場所として知られる。",渋谷
1176,東京の副都心の一つ。駅は一日平均乗降者数が世界一である。,新宿
1177,"東京の副都心の一つ。いけふくろう像,サンシャインシティでお馴染み。",池袋
1178,山手線の渋谷駅の隣にある、若者が集まる街。竹下通りでお馴染み。,原宿
1179,電気街として発展した地域は？世界的な観光地となっている。,秋葉原
1180,日本最大の卸売市場(主に水産物)がある場所は？世界的な観光地となっている。,築地
1181,"新幹線の駅,動物園,アメ横でお馴染みの地域。",上野
1182,おばあちゃんの原宿として知られる地域。,巣鴨
1183,"横浜港に面している地域。ランドマークタワー,横浜赤レンガ倉庫でお馴染み。",みなとみらい(横浜みなとみらい21)
1184,東京・川崎・横浜にまたがる工業地帯といえば？,京浜工業地帯
1185,東京と千葉にまたがる臨界の工業地域といえば？,京葉工業地域
1186,茨城・栃木・群馬・埼玉にまたがる工業地域といえば？,北関東工業地域
1187,茨城県南東部にある臨界の工業地域といえば？,鹿島臨海工業地域
1188,千葉県にある日本最大の国際空港といえば？,成田国際空港(※2004年頃までは新東京国際空港とも)
1189,国内線が中心となっている大田区にある空港といえば？,羽田空港(東京国際空港)
1190,茨城県にある世界有数の学術・研究都市といえば？,筑波研究学園都市
1191,あさりの澄まし汁をご飯にかけた東京の郷土料理といえば？,深川めし
1192,1958年にできた高さ333mの電波塔といえば？,東京タワー(日本電波塔)
1193,2012年にできた高さ634mの電波塔といえば？,東京スカイツリー
1194,みなとみらいにある高さ296mの高層ビルといえば？,ランドマークタワー
1195,中部地方の地方中枢都市。江戸時代には尾張藩の城下町として栄えた。,名古屋市
1196,新潟県北東部にある都市。政令指定都市である。信濃川の河口にある。,新潟市
1197,山梨県の県庁所在地は,甲府市
1198,"徳川家康の城下町として栄え,現在政令指定都市となっている静岡県の県庁所在地は？",静岡市
1199,1998年の冬季オリンピックのメインとなった県庁所在地は？,長野市
1200,斎藤道三や織田信長の城下町として栄えた県庁所在地は？,岐阜市
1201,神通川下流域に位置する県庁所在地は？,富山市
1202,石川県の中央部にある同県の県庁所在地。加賀百万石の城下町として栄えた。,金沢市
1203,福井県北部にある同県の県庁所在地は？,福井市
1204,静岡県西部にある同県最大の人口、面積を誇る政令指定都市は？,浜松市
1205,長野県中部にある国際会議観光都市は？,松本市
1206,愛知県にある自動車工業都市といえば？,豊田市
1207,愛知県北東部にある窯業が盛んな都市は？,瀬戸市
1208,岐阜県南部にある窯業が盛んな都市は？,多治見市
1209,長野県から新潟県まで流れる全長367kmと日本で一番長い川は？,信濃川
1210,"長野県から愛知,静岡を経て太平洋に注ぐ川は？",天竜川
1211,岐阜県から富山県へ流れる川は。この川でイタイイタイ病が問題化した。,神通川
1212,北アルプスと呼ばれる山脈は？,飛騨山脈
1213,中央アルプスと呼ばれる山脈は？,木曽山脈
1214,南アルプスと呼ばれる山脈は？,赤石山脈
1215,石川県北部の日本海に突き出た半島といえば？,能登半島
1216,静岡県東部に位置する太平洋に突き出た半島。温泉で有名。,伊豆半島
1217,うなぎ養殖が日本一である静岡県の西にある湖といえば？,浜名湖
1218,新潟県中部に位置し信濃川、阿賀野川が流れる平野といえば？,越後平野
1219,岐阜県南部から愛知県西部に位置し木曽川、長良川、揖斐川が流れる平野といえば？,濃尾平野
1220,愛知県の渥美半島と知多半島にかこまれた湾といえば？,三河湾
1221,渥美半島と志摩半島にかこまれた湾。名古屋市や四日市市が面している。,伊勢湾
1222,沿岸に敦賀、小浜などの港町や原子力発電所が集中している湾はといえば？,若狭湾
1223,名古屋、四日市、豊橋、岐阜を中心とする工業地帯といえば？,中京工業地帯
1224,濃尾平野の下流域に見られる堤防で囲まれた地帯のことを何というか？,輪中
1225,飛騨山脈、木曽山脈、赤石山脈をまとめて何というか？,日本アルプス
1226,富山県の神通川流域で発生した公害といえば何秒か？,イタイイタイ病
1227,新潟県の阿賀野川流域で発生した公害といえば何秒か？,新潟水俣病
1228,静岡県中部に広がる台地。茶の名産地として有名。,牧の原
1229,味噌仕立てで具に野菜や麺を入れた山梨県の郷土料理は？,ほうとう
1230,岐阜県北西部に見られる合掌造りの住居が見られる一帯のこと。世界遺産にも登録されている。,白川郷
1231,愛知県で生産されている豆味噌と言えば？味噌煮うどんや味噌カツ等に使われる。,八丁味噌
1232,石川県金沢市にある日本三名園の一つといえば？,兼六園
1233,近畿地方の地方中枢都市で日本で3番目に人口が多い都市といえば？,大阪市
1234,西日本の文化・観光の中心となっているかつての日本の首都は？,京都市
1235,日本を代表とする港がある都市、阪神淡路大震災で大きな被害を受けた都市といえば？,神戸市
1236,和歌山県北西部にある製鉄、化学の都市は？,和歌山市
1237,東大寺や興福寺などの門前町と発達した世界遺産にも登録されている国際観光都市は？,奈良市
1238,三重県中部にある同県の県庁所在地は？,津市
1239,琵琶湖の南端に位置する滋賀県の県庁所在地は？,大津市
1240,三重県北部の伊勢湾に面している工業都市、かつて大気汚染の公害で問題となった。,四日市市
1241,大阪府の第二の工業都市。室町時代から貿易都市、自由都市として栄えた。,堺市
1242,滋賀県にある日本で一番面積の広い湖は？,琵琶湖
1243,近畿地方にある日本最大の半島は？,紀伊半島
1244,兵庫・京都・滋賀に広がる高地は？,丹波高地
1245,和歌山・奈良・三重に連なる山地は？,紀伊山地
1246,神戸の北西にある山塊。阪神タイガースの応援歌でも歌われている。,六甲山
1247,琵琶湖から瀬田川、宇治川と名前をかえて大阪湾に注ぐ川。,淀川
1248,奈良県から和歌山県へと流れる河川。,紀の川(吉野川)
1249,大阪府と兵庫県を中心に広がる工業地帯といえば？,阪神工業地帯
1250,大阪府の人工島に作られた24時間運用可能な国際空港といえば？,関西国際空港
1251,四代公害病の1つで三重県四日市市で問題化した大気汚染による症状は？,四日市ぜんそく
1252,神戸港内の人工島。1981年完成され、神戸大橋で陸地とつながっている。,ポートアイランド
1253,神戸市東灘区にある人工島。住宅地を主とした街づくりになっている。,六甲アイランド
1254,大阪市にある高さ100mの展望台。国の登録有形文化財で観光名所として有名。,通天閣
1255,2014年に大阪に完成予定の横浜ランドマークタワーを抜く日本一高いビルは？,あべのハルカス
1256,1995年、神戸を中心に起こり壊滅的な被害を与えた地震は？,阪神淡路大震災
1257,京都を代表とする米粉と砂糖が主な原料の人気の和菓子。,八つ橋
1258,京都の先染め織物の総称は？,西陣織
1259,京都を代表する陶磁器(焼き物),清水焼
1260,四国・中国地方の地方中枢都市。世界で初めて原子爆弾が投下された都市。現在は平和都市として知られる。,広島市
1261,岡山県の県庁所在地。機械・化学・食料品工業が発達している。日本三名園の後楽園がある。,岡山市
1262,山口市の県庁所在地。室町時代には大内氏の城下町として栄えた。,山口市
1263,鳥取県の県庁所在地。海岸には鳥取砂丘がある。,鳥取市
1264,島根県の県庁所在地。中海と宍道湖の中間地にある。,松江市
1265,愛媛県の県庁所在地。四国一の都市。道後温泉がある。,松山市
1266,香川県の県庁所在地。四国の玄関口として発展した。,高松市
1267,高知県の県庁所在地。ビニールハウスを使った促成栽培が盛ん。坂本龍馬の出身地でもある。,高知市
1268,徳島県の県庁所在地。阿波踊りが有名。,徳島市
1269,島根県の第二の都市。『大社』を名乗る有名な神社がある。,出雲市
1270,本州の最西端にある山口県の都市。,下関市
1271,岡山県南部に位置する都市。南部には重化学工業地域『水島』がある。,倉敷市
1272,鳥取県の北西部に位置する日本有数の水揚げ高を誇る都市。,境港市
1273,四国地方を東西に連なる険しい山脈といえば？,四国山地
1274,中国地方に連なる山陰地方と山陽地方を分ける山脈といえば？,中国山地
1275,中国地方と四国地方の間の海といえば？,瀬戸内海
1276,香川県と徳島県の境の山脈といえば？,讃岐山脈
1277,四国で最も長く数少ない清流として知られる川は？,四万十川
1278,四国の一級河川で日本三大暴れ川の一つで四国三郎とも呼ばれる川は？,吉野川
1279,島根県北東部にある湖。しじみやうなぎで知られる。,宍道湖
1280,鳥取県の日本海沿岸にある日本最大の砂丘は？,鳥取砂丘
1281,本州と九州の間の海峡。,関門海峡
1282,中国地方の日本海側の地方は何地方か？,山陰地方
1283,中国地方の瀬戸内海側の地方は何地方か？,山陽地方
1284,中国・四国地方の瀬戸内海沿岸に広がる工業地域は?,瀬戸内工業地域
1285,広島県の宮島にある日本三景の1つといえば？,厳島神社
1286,島根県にある日本最古の神社の一つは？,出雲大社
1287,徳島県を発祥とする日本を代表とする盆踊りは？,阿波踊り
1288,高知県の古くから歌われている民謡。8月10、11日にお祭りがある。,よさこい節
1289,香川県特産のうどんといえば？,讃岐うどん
1290,岡山県倉敷市中南部に位置する工業エリアといえば？,水島
1291,松山市にある日本を代表とする温泉。夏目漱石の小説『坊つちゃん』にも描かれた。,道後温泉
1292,世界遺産にも登録されている原爆の被害を受けた建物は？,原爆ドーム
1293,山口県に広がる日本最大のカルスト地形といえば？,秋吉台
1294,坂本龍馬の銅像がある浜辺。よさこい節でも歌われている。,桂浜
1295,香川県に属する瀬戸内海にある二十四の瞳の舞台となった場所は？,小豆島(しょうどしま)
1296,関門海峡にある宮本武蔵と佐々木小次郎の決闘が行われたことで有名な島は？,巌流島(船島)
1297,本州四国連絡橋の一つで岡山県倉敷市と香川県坂出市を結ぶ橋は？,瀬戸大橋
1298,神戸市と淡路市を結ぶ世界最長の吊り橋は？,明石海峡大橋
1299,九州地方の地方中枢都市で政令指定都市でもある都市は？,福岡市
1300,福岡県の第二の都市で北九州工業地帯の中心となっている都市は？,北九州市
1301,佐賀県の県庁所在地。鍋島氏の城下町として栄えた。,佐賀市
1302,1945年8月9日に原爆が投下された長崎県の県庁所在地は？,長崎市
1303,大分県の県庁所在地。石油化学、鉄鋼などの工業都市。,大分市
1304,熊本県の県庁所在地。東に阿蘇山、西に島原半島がある。,熊本市
1305,宮崎県の県庁所在地といえば？,宮崎市
1306,鹿児島県の県庁所在地。島津氏の城下町として栄えた。,鹿児島市
1307,沖縄県の県庁所在地。琉球王国の都があった。,那覇市
1308,大分県東海岸にある同県第二の都市。温泉街で栄えている。,別府市
1309,長崎県北部にある同県第二の都市。ハウステンボスがあることで有名。,佐世保市
1310,九州の北東部から南西部に連なる山地といえば？,九州山地
1311,九州北部の東西に連なる山地といえば？,筑紫山地
1312,熊本県北東部にある世界一のカルデラを持つ山といえば？,阿蘇山
1313,鹿児島市の対岸にある火山島といえば？,桜島
1314,鹿児島県南東部の半島といえば？,大隅半島
1315,鹿児島県南西部の半島といえば？,薩摩半島
1316,のりや貝の養殖が盛んな長崎、佐賀、福岡、熊本に囲まれた海といえば？,有明海
1317,島原半島北部に入り込んだ有明海の湾。干拓事業による訴訟問題が起こった。,諫早湾
1318,九州地方の北部を流れる川。日本三大暴れ川の一つで筑紫二郎(筑紫次郎)の異名を持つ。,筑後川
1319,1991年火砕流の被害を与えた火山は？,雲仙普賢岳(雲仙岳の普賢岳)
1320,火山の活動によりできた大きな凹地のこと。阿蘇山が世界最大。,カルデラ
1321,主に鹿児島県の火山灰台地といえば何台地か？,シラス台地
1322,日本の本土からの距離が10～15km以上離れている島を何という？,離島
1323,長崎県に属し九州と朝鮮半島の間にある島。韓国人の観光地として人気がある。,対馬(つしま)
1324,鹿児島県の南にある細長い島。1543年ポルトガル人によって鉄砲が伝来した地でもある。,種子島(たねがしま)
1325,鹿児島県の南にある円形の島。杉の原生林は天然記念物で世界自然遺産に登録されている。,屋久島(やくしま)
1326,沖縄県では3番目に大きい、沖縄県の南西部、八重山列島の島。,石垣島(いしがきじま)
1327,沖縄県では2番目に大きい島。この地のヤマネコは特別天然記念物である。,西表島(いりおもてじま)
1328,沖縄県の南西部、石垣島の東にある島。サンゴ礁が美しい。,宮古島(みやこじま)
1329,日本最西端にある島は？,与那国島(よなぐにじま)
1330,鹿児島県南方沖にある大島、喜界島、徳之島、与論島などからなる諸島を何という？,奄美諸島(あまみしょとう)
1331,長崎県西部にある5つの大きな島と数百の小島の総称は？,五島列島(ごとうれっとう)
1332,九州と対馬の間にある島。朝鮮半島と九州をつなぐ要所といえば？,壱岐(いき)
1333,2017年に閉園の北九州市にある宇宙をテーマとしたテーマパークは？,スペースワールド
1334,長崎県佐世保市にあるオランダを再現したテーマパークは？,ハウステンボス
1335,八代平野、熊本平野、筑紫平野などで栽培されるたたみの材料となる草は,い草
1336,太平洋ベルトの西端部の主に北九州を中心とした工業地帯は？,北九州工業地帯
1337,明治政府が1901年に操業開始した北九州市にある製鉄所は？,八幡(やはた)製鉄所
1338,九州地方はIC工場が沢山あることからアメリカのシリコンバレーにちなんで何と呼ばれているか？,シリコンアイランド
1339,"5月3日,4日に福岡市で行われる伝統的な港祭りは？",博多どんたく
1340,沖縄県那覇市にあった琉球王朝の王の城。,首里城
1341,特別天然記念物に指定された沖縄県のとある島にのみ生息するホニュウ類は,イリオモテヤマネコ(※とある島＝西表島)
1342,鹿児島県の大隅半島の中央部にあるシラス台地を何という？,笠野原
1343,現在日本に適用されている憲法は？,日本国憲法
1344,1889年に発布され1946年まで適用されていた憲法は？,大日本帝国憲法(明治憲法)
1345,日本国憲法が公布されたのは何年何月何日,1946年11月3日(文化の日)
1346,日本国憲法が施行されたのは何年何月何日,1947年5月3日(憲法記念日)
1347,日本国憲法が掲げた3つの原則は？,国民主権、平和主義、基本的人権の尊重
1348,憲法改正に必要な衆議院・参議院の賛成数は？,各総議員の2/3以上
1349,憲法において天皇は日本国と日本国民統合の何であるか？,象徴
1350,日本国民が恒久の平和を望むという戦争放棄について書かれているのは憲法の前文と第何条？,第9条
1351,憲法に定められた国民の三大義務は？,教育・納税・勤労
1352,基本的人権の1つであり国民は平等で差別されないという権利といえば？,平等権
1353,1985年成立、1986年施行された女性が働く上で差別されないという事を定めた法律といえば？,男女雇用機会均等法
1354,1979年に国連で採択された女性差別による条約は？,女性差別撤廃条約
1355,偏見や差別を受けた北海道の先住民といえば？,アイヌ民族
1356,被差別部落の地域に住む人々への偏見や差別を何というか？,部落差別
1357,戦前より日本に移り住み生活をしている朝鮮人の人やその子孫のこと,在日朝鮮人(在日韓国人)
1358,職場などにおける性的ないやがらせのこと,セクハラ(セクシャル・ハラスメント)
1359,職場などにおける権力を使ったいやがらせのこと,パワハラ(パワー・ハラスメント)
1360,国からの制約を受けず個人として自由に行動できる権利を何というか？,自由権
1361,不当に身体的な拘束を受けないという自由は？,身体の自由
1362,何を考え何を信じどう表現してもよいという自由は？,精神の自由(精神活動の自由)
1363,経済活動が自由に行えるという権利は？,経済活動の自由
1364,国家の非宗教化という原則は？,政教分離
1365,憲法21条で禁止されている、公が思想の内容を審査し必要とあれば公表を禁止することを何というか？,検閲
1366,社会を行きていく上で人間の生きるための基本的人権。,社会権
1367,憲法第25条にある人間らしく生きる権利。,生存権
1368,憲法26条で保障されている、国民が能力に応じて等しく教育を受けることができる権利,教育を受ける権利
1369,日本の教育に関する基礎的な法律,教育基本法
1370,"憲法27,28条に書かれている社会権。勤労権、団結権、団体交渉権、団体行動権をまとめた権利",労働基本権
1371,労働三法と呼ばれる3つの法律は,労働基準法、労働組合法、労働関係調整法
1372,国が生活に困窮した人を救う(生存権を保障した)という法律は。不正受給等で問題となっている。 ,生活保護法
1373,国民が政治に参加できる権利,参政権
1374,国民が直接政治に参加できる制度,直接民主制
1375,国民が代表者を選んでその代表者が政治に参加できる制度,間接民主制(代議制)
1376,政治をする人を選ぶ権利。日本では満20歳以上の国民に与えられている,選挙権
1377,選挙に立候補できる権利。,被選挙権
1378,国民が国や地方に対して政治的な要求をすることができる権利,請願権
1379,国民が国や地方に対して賠償請求したり権利を侵害しないように求めることができる権利,請求権
1380,安全な生活環境を求めることができる権利,環境権
1381,正確な情報を知るために請求することができる権利,知る権利
1382,個人の生活を他人から侵されないという権利,プライバシーの権利
1383,住宅の日当たりを一定時間確保できる権利,日照権
1384,すべての人間が幸せを求めることができる権利,幸福追求権
1385,2005年に施行された基本情報の取り扱いについて定めた法律,個人情報保護法
1386,市町村が住民全体の住民票を世帯ごとに編成し作成する公簿,住民基本台帳
1387,自分の写真や肖像などの公開を拒否する権利,肖像権
1388,人間が新しく創り出した物に関する権利,知的財産権(知的所有権)
1389,すべての人が等しいという考え方。主権を持つすべての者の意志によって行われる体制。,"民主主義(デモクラシー,民主政)"
1390,法律に基づき行政や司法が行われる国家,法治国家
1391,多くの人達に合意されている共通意見,世論
1392,新聞やテレビ、ラジオのように大衆に情報を伝達する機関のこと,マスメディア
1393,目的や利益を求めて世論を操ること,世論操作
1394,特定の世論へ誘導する意図を持った宣伝行為,プロパガンダ
1395,日本の様々な選挙について定めた法律,公職選挙法
1396,選挙の4つの原則の1つ。性別・財産・納税額etcに制限されない選挙。,普通選挙
1397,選挙の4つの原則の1つ。1票の価値はみな同じである選挙。,平等選挙
1398,選挙の4つの原則の1つ。有権者が直接投票する選挙。,直接選挙
1399,選挙の4つの原則の1つ。投票者がどの候補者に投票したかを他人に知られないようにする選挙,秘密選挙
1400,投票日に都合がつかず、投票日の前に投票を行うこと。投票所での投票を(①)、郵便等での投票を(②)と言う。,①期日前投票②不在者投票
1401,1つの選挙区から1名を選ぶ制度。現在の衆議院議員の選び方,小選挙区制
1402,各政党の総得票数に比例して代表者を選ぶ制度。現在の衆議院議員の選び方,比例代表制
1403,ベルギーの数学者から名づけられた比例代表制における議席配分の計算方式,ドント方式
1404,各政党が選挙で掲げる選挙公約のこと,マニフェスト
1405,比例代表制において比例名簿の順位を決めず、個人名でも投票できる仕組み。,非拘束名簿式
1406,議席の多数を占めている政党が政権を担当する政治,政党政治
1407,政権を担当している政党,与党
1408,政権を担当していない政党,野党
1409,2つ以上の政党が政権を担当すること,連立内閣(連立政権)
1410,国から政党に交付されるお金のこと,政党助成金
1411,企業や団体が政治家に対して寄付する金銭,政治献金
1412,アメリカの2大政党と言えば,民主党・共和党
1413,イギリスの2大政党と言えば,労働党・保守党
1414,自民党の党三役と言えば？,幹事長、総務会長、政調会長(政務調査会長)
1415,日本国憲法第41条で「国会は…であって、国の…である」と定められている。…に入る言葉は？,国権の最高機関、唯一の立法機関
1416,日本の国会を構成する2つの議院は？,衆議院・参議院
1417,永田町にある国会が開かれる場所は？,国会議事堂
1418,衆議院・参議院の被選挙権はそれぞれ何歳以上か？,"満25歳以上,満30歳以上"
1419,衆議院・参議院の定員はそれぞれ何名か？(2021年現在),"465名,245名"
1420,衆議院・参議院の任期は？,"4年(最大),6年"
1421,衆議院は解散もあるのでより国民の意見を反映しやすいということで衆議院の議決が優先されること,衆議院の優越
1422,会期が150日ある毎年1月に召集される国会,通常国会(常会)
1423,緊急な問題が発生した際に衆議院または参議院のどちらかの総議員の4分の1以上の要求があった時に召集される国会,臨時国会(臨時会)
1424,総選挙から30日以内に召集される内閣総理大臣を決める国会,特別国会(特別会)
1425,衆議院は与党が過半数をしめている一方、参議院で過半数に達していない状態のこと,ねじれ国会
1426,委員会において議案に関してその分野の専門家を招き意見を聞く会,公聴会
1427,衆議院・参議院の意見が一致しなかった場合に開かれる会,両院協議会
1428,軍隊の最高指揮権は軍人ではなく文民であること,文民統制(シビリアンコントロール)
1429,行政権を持つ内閣の最高責任者のこと,内閣総理大臣
1430,内閣を構成する大臣。各省庁の責任者,国務大臣
1431,内閣総理大臣の補佐役,内閣官房長官
1432,内閣の意思統一で政治の意思決定をする会議,閣議
1433,内閣によって出される命令,政令
1434,総理が執務を行ったり閣議が開かれる首相の邸宅,首相官邸
1435,内閣が国会に対して連帯して責任を負う仕組み,議院内閣制
1436,各省庁の官僚の最高地位,事務次官
1437,国家権力の立法・行政・司法の3つの権限をそれぞれ独立させバランスをはかる政治制度といえば？,三権分立
1438,『法の精神』において1を確立した人は?,モンテスキュー
1439,国会が制定した法律が憲法に違反していないかを裁判所が審査できる権限といえば？,違憲立法審査権
1440,裁判官を裁くための国会が行う裁判といえば？,弾劾裁判所
1441,国民が最高裁判所の裁判官を審査することを何と言うか？総選挙の際行われる。,国民審査
1442,国会が内閣に対して行える権限といえば？,内閣不信任決議
1443,最高裁判所長官の指名権がある組織は？,内閣
1444,国ではなく地方にできるだけ多くの権力を与えること,地方分権
1445,権力を地方ではなく国に集中させること,中央集権
1446,地方公共団体の運営や組織について定めた法律,地方自治法
1447,都道府県の知事や市町村長をまとめてさす言葉,首長
1448,地方公共団体が制定した規則,条例
1449,"地方公共団体の住民が条例の制定・廃止,首長の解雇等を要求できる権利。",直接請求権
1450,首長や主な地方公務員を解職を求めることができる権利,リコール(解職請求)
1451,国が地方公共団体格差を無くすために補助する使い道を指定しない資金。,地方交付税交付金
1452,国が使い道を指定した援助資金。,国庫支出金
1453,市民側が行政に対する苦情処理や監察をする制度,オンブズマン制度
1454,労働三権の1つで、労働組合を結成することができる権利,団結権
1455,労働三権の1つで、労働条件の改善を求めることができる権利,団体交渉権
1456,労働三権の1つで、労働条件の改善のためストライキなどを起こせる権利,団体行動権(争議権)
1457,1947年に制定された労働条件の最低基準について定めた法律,労働基準法
1458,1945年に制定された労働三権を保障した法律,労働組合法
1459,1946年に制定された労働争議の解決・予防のための法律,労働関係調整法
1460,"4,5,6の労働者の権利を保障した3つの法律をまとめて何という",労働三法
1461,労働者が団結して労働作業をやめ経営者に不利益を与えることで自分たちの要求を通そうとする行為。,ストライキ
1462,人員削減のため解雇すること,リストラ(リストラクチャリング)
1463,職業を無料で紹介する行政のサービス機関,ハローワーク
1464,1人当たりの労働時間を減らすなどしてより多くの労働者で仕事を分け合うこと,ワークシェアリング
1465,一度雇用したら定年までリストラさせずに雇用し続ける制度,終身雇用制
1466,勤続年数が長くなるにつれて給料を上げていく制度,年功序列賃金制
1467,国家や地方の財政における1年間の収入,歳入
1468,国家や地方の財政における1年間の支出,歳出
1469,国の借金のこと。国の公債,国債
1470,国や地方自治体による公共の利益のための事業。道路や河川の整備等が当てはまる。,公共事業
1471,所得格差をなくすために高所得者からより多くの税金をとり高齢者や低所得者に再分配する仕組み,所得の再分配
1472,第二の予算とも呼ばれる、国が特別な債権を発行し集めた資金を政府関係の機関に貸し出したりすること。,財政投融資
1473,国内総生産と訳される生産活動の国力を示す指標は,GDP
1474,国民総生産と訳される指標は,GNP
1475,総人口における65歳以上の割合が7％以上の社会,高齢化社会
1476,総人口における65歳以上の割合が14％以上の社会,高齢社会
1477,女性の生む子供の数が、減り続ける現象,少子化
1478,生活に困っている人に行う必要な援助のこと,公的扶助
1479,民間企業の労働者とその家族を対象とした医療保険,健康保険(健保)
1480,自営業者を対象とした医療保険,国民健康保険(国保)
1481,20歳以上の60歳未満の主に自営業者、学生を対象とした年金,国民年金
1482,"民間企業の正社員,公務員が全員加入する年金",厚生年金
1483,寝たきりの高齢者などの世話を社会全体が支えていく目的で作られた社会保険制度,介護保険
1484,寝たきりの高齢者や障害者のいるご家庭に訪問介護をする人,ホームヘルパー
1485,障害者や高齢者が生活していく上で障害となるものを取り除くこと,バリアフリー
1486,高齢者や障害者を普通の人間として扱うという考え方,ノーマライゼーション
1487,国民の生活環境を整えるために、国が行う保健衛生事業。,公衆衛生
1488,物価が上がり続け、結果として貨幣価値が減少していく現象,インフレーション(インフレ)
1489,物価が下がり続け、結果として貨幣価値が上昇していく現象,デフレーション(デフレ)
1490,不景気にも関わらず物価が上昇していく現象,スタグフレーション
1491,3年間でおよそ100％以上の物価上昇していく過剰なインフレのこと,ハイパーインフレ
1492,デフレにより物価下落と利益減少が繰り返される深刻な負の連鎖のこと,デフレスパイラル
1493,金額表示が大きくなりすぎた場合に貨幣価値の基準を変えること。,デノミネーション(デノミ）
1494,需要と供給が一致したときの価格,均衡価格
1495,所得税や法人税のように税金を納める義務のある者が直接納める税金,直接税
1496,消費税のように税金を納める人と負担する人が異なる税金,間接税
1497,個人の所得にかけられる税金のこと,所得税
1498,会社の所得にかけられる税金のこと,法人税
1499,商品やサービスを購入した時にかけられる税金,消費税
1500,亡くなった人の財産を受け継ぐ際にかけられる税金,相続税
1501,所得が大きくなるに連れて課税率を上げる方法,累進課税
1502,株式を発行することによって資金を集めて設立される会社,株式会社
1503,株主で構成される株式会社の基本的な方針や重要事項を話し合う機関,株主総会
1504,取締役で構成される会社の意思決定を行う機関,取締役会
1505,国や地方自治体と民間企業の出資によって設立される事業体,第三セクター
1506,株主や債権の売買取引を行う施設のこと,証券取引所
1507,主に株式会社の社長のこと。取締役の中から選ばれる。,代表取締役
1508,最高経営責任者と訳される会社の社長,CEO(Chief Executive Officer)
1509,新技術・新事業を発足させた企業。冒険という意味がある。,ベンチャー企業
1510,活動拠点を複数の国に置いている企業のこと,多国籍企業
1511,相互に関連のない多角的な経営をしている複合企業。日立グループが例に挙げられる。,コングロマリット(conglomerate)
1512,企業の買収合併のこと,M＆A
1513,経営支配権を獲得する者が不特定多数の株主から株式の価格等を指定して買い付けること,"TOB(株式公開買付け,take-over bid)"
1514,会社の関係者が未公開情報を利用した自社株等の取引。禁止されている。,インサイダー取引
1515,金融機関が公開を義務付けられている業務及び財産の状況に関する説明資料のこと,ディスクロージャー(Disclosure)
1516,企業が市民として果たすべき責任のこと。『企業の社会的責任』と訳される。,CSR
1517,企業と企業の取引の総称。,BtoB
1518,企業と一般消費者との取引の総称。,BtoC
1519,強み、弱み、機会、脅威を評価するのに用いられる分析,SWOT分析
1520,ある製品の生産をほぼ1社で支配している状態のこと,独占
1521,ある製品の生産を小数で支配している状態のこと,寡占
1522,独占している企業が利益を多く得るために一方的に定められた価格のこと,独占価格
1523,1947年に制定された公正な自由競争を促進するための法律。,"独占禁止法(独禁法,私的独占の禁止及び公正取引の確保に関する法律)"
1524,4の番人と言われる行政の委員会,公正取引委員会
1525,寡占の目的で企業同士が価格・生産量・販売地域等について結ぶ協定を何というか？企業連合と訳され、独占禁止法で禁止されている。,カルテル
1526,競争していた企業同士が市場の独占を狙い合併した形態のことを何というか？企業合同と訳され、過度な状態は独占禁止法で禁止されている。,トラスト
1527,株式の所有により子会社・孫会社を連結させた企業の結合体のこと。企業連携と訳され、1998年の独禁法改正により解禁された。,コンツェルン
1528,他の株式会社の株式を所有して支配することが目的で設立された会社は？,持ち株会社(ホールディングスカンパニー)
1529,日本銀行が発行する紙幣のこと,日本銀行券
1530,図書カード、クオカード、テレフォンカードのように代金を前払いして得たカード,プリペイドカード
1531,お金を持っていなくてもサインをすることで支払いできるカード。,クレジットカード
1532,買い物の代金を支払うことができるキャッシュカード。,デビットカード
1533,お金をカードや携帯電話にチャージすることで電子支払いすることができるシステム,電子マネー
1534,小切手や手形などを使って引き出しをする預金のこと,当座預金
1535,政府の銀行、銀行の銀行と呼ばれる銀行,日本銀行
1536,三菱東京UFJ銀行、三井住友銀行、みずほ銀行のように巨大な経営組織となっている金融グループ,メガバンク
1537,金融機関が倒産した場合1人当たり1000万円まで払い戻される制度,ペイオフ
1538,日本銀行が景気回復を目的に金利を０にする政策,ゼロ金利政策
1539,2つの通貨間の交換比率のこと,為替相場(為替レート)
1540,1ドル100円から1ドル110円のようになること,円安(円安ドル高）
1541,1ドル100円から1ドル90円のようになること,円高(円高ドル安)
1542,日本最大の金融商品を扱っている取引所は？略称は東証で1949年に設立された。世界三大市場の1つ。,東京証券取引所
1543,世界三大市場は東京とあと二つの証券取引所は？,"ニューヨーク,ロンドン"
1544,1960年の4月の基準を1000とした日本の株式市場の代表的な株価指標は？,日経平均株価
1545,東証一部の銘柄を対象にした東証株価指数の略称は？,TOPIX(トピックス)
1546,日経平均株価は東証一部の何社の銘柄を対象にした指標か？,225社
1547,ダウ・ジョーンズ社が算出しているアメリカの代表的な株価指数は？,ダウ平均株価(ダウ平均)
1548,所在地はニューヨークで1971年に設立されたベンチャー企業向けの株式市場は？,ナスダック(NASDAQ)
1549,1999年11月に東京証券取引所が開設した新興企業向けの株式市場は？,マザーズ
1550,会社などで働くことによって得られる賃金,"勤労所得(勤労収入,労働収入)"
1551,個人経営者が得る収入のこと,事業所得(事業収入)
1552,株や預貯金の利子・配当金のように持っている財産から得られる所得,財産所得
1553,家計の総消費支出に占める食料費の割合,エンゲル係数
1554,家計の総消費支出に占める子供のための出費の割合,エンジェル係数
1555,"医療保険,年金保険,雇用保険,労災保険,介護保険の5種類からなる保険",社会保険
1556,生活保障のため生活を脅かす事が発生したとき、給付される保険,生命保険
1557,1968年に制定された消費者問題に関する法律といえば？,消費者基本法
1558,欠陥商品で被害を受けた消費者を救済する法律といえば？,製造物責任法(PL法)
1559,消費者は一定期間以内なら無条件で契約を取り消すことができる制度といえば？,クーリングオフ制度
1560,消費者の判断を誤らせて契約を結ばせる手法の総称は？,悪質商法(悪徳商法)
1561,通行人に対して調査という口実で近づき無理やり売買契約をさせる販売方法。悪徳商法の1つ。,キャッチセールス
1562,企業が販売員を組織しその販売員が新しい販売員をねずみ算式に増やしながら商品を販売する方法。悪徳商法の1つ。,マルチ商法
1563,電話や郵便などで約束させ事務所などに呼び出し強引に商品を売りつける販売方法。悪徳商法の1つ。,アポイントメントセールス
1564,1962年に消費者の4つの権利を訴えたアメリカ大統領は？,ジョン・F・ケネディ
1565,1920年に設立された国際平和機構は？,国際連盟
1566,十四か条の平和原則で国際機関の設立を呼び掛けた当時のアメリカ大統領は？,ウィルソン
1567,国際連盟の本部が置かれた都市は？,ジュネーブ(スイス)
1568,国際連盟設立時の常任理事国は？,イギリス、フランス、イタリア、日本
1569,国際連盟事務次長を務めた日本人は？,新渡戸稲造
1570,日本が国際連盟を脱退表明しその場を退席した人物は？,松岡洋右(まつおかようすけ)
1571,国際連盟に代わって1945年に設立した国際平和機関は？,"国際連合(UN,国連)"
1572,1の本部が置かれている都市は？,ニューヨーク
1573,国連における5大国(常任理事国)とは？,アメリカ・イギリス・フランス・ロシア(ソ連)・中国
1574,国際連合の主要機関で全加盟国からなる機関は？,総会
1575,国際連合の主要機関で常任理事国5ヶ国と非常任理事国10ヶ国からなる世界の平和と安全の維持に責任を負う機関は？,安全保障理事会(安保理)
1576,常任理事国が持つ権限で一国でも反対すれば決定できない権限。,拒否権
1577,国連の司法機関は？,国際司法裁判所
1578,7の本部はどこの国の何という都市,オランダのハーグ
1579,国際連合児童基金の略称は？,UNICEF(ユニセフ)
1580,国際連合教育科学文化機関の略称は？,UNESCO(ユネスコ)
1581,世界保健機関の略称は？,WHO
1582,国際通貨基金の略称は？,IMF
1583,国際労働機関の略称は？,ILO
1584,国連平和維持活動の略称は？,PKO
1585,国連平和維持軍の略称は？,PKF
1586,世界貿易機関の略称は？,WTO
1587,非政府組織の略称は？,NGO
1588,国際貿易開発会議の略称は？,UNCTAD
1589,国際原子力機関の略称は？,IAEA
1590,国際刑事警察機構の略称は？,ICPO
1591,石油輸出国機構の略称は？,OPEC(オペック)
1592,2013年現在28ヶ国が加盟しているヨーロッパの地域連合,"EU(欧州連合,ヨーロッパ連合)"
1593,東南アジア10ヶ国の地域協力機構,"ASEAN(アセアン,東南アジア諸国連合)"
1594,アメリカやヨーロッパ諸国によって形成された軍事同盟,"NATO(ナトー,北大西洋条約機構)"
1595,3に対抗してソ連を中心に東ヨーロッパによって形成された軍事同盟,WTO(ワルシャワ条約機構)
1596,アメリカ・カナダ・メキシコによる自由貿易協定,"USMCA(米国・メキシコ・カナダ協定/2020年～)←(NAFTA(ナフタ,北米自由貿易協定/2020年失効)"
1597,環太平洋地域の経済協力の枠組み,APEC(アジア太平洋経済協力)
1598,環太平洋地域の国々のよる自由貿易を目指した協定。,TPP(環太平洋戦略的経済連携協定)
1599,アフリカの国家統合体。,AU(アフリカ連合)
1600,ソ連崩壊時に旧ソ連地域9ヶ国で結成されている共同体,CIS(独立国家共同体)
1601,毎年開催される国際的な首脳会議,サミット(主要国首脳会議)
1602,10の参加国をまとめて何という？,G7(←G8)
1603,11の国をすべて書きなさい,アメリカ・カナダ・イギリス・ドイツ・フランス・イタリア・日本(G8時はロシア)
1604,核兵器をもたず・つくらず・もつこませずの3つの原則は？,非核三原則
1605,1963年アメリカ・イギリス・ソ連で結ばれた大気圏・宇宙空間・水中の核実験を禁止した条約は？,部分的核実験停止条約
1606,1968年国連総会で採択された核を保有していない国が核をこれから持つこと、核を保有している国が持っていない国に譲ることを禁止した条約といえば？,核拡散防止条約(NPT)
1607,1987年アメリカとソ連間で結ばれた核軍縮条約は？,中距離核戦力全廃条約(INF全廃条約)
1608,1996年国連で採択された加盟国がすべての核実験を禁止するという条約は？,包括的核実験禁止条約(CTBT)
1609,1955年に広島で第一回の大会が開かれた反原爆会議は？,原水爆禁止世界大会
1610,核保有国と考えられる国は？,アメリカ・ロシア・イギリス・フランス・インド・パキスタン・北朝鮮・(イスラエル)
1611,先進国と発展途上国との間の経済格差・政治・社会的問題のことを何というか？,南北問題
1612,同じ発展途上国間で資源の持っている国とそうでない国の経済格差・政治・社会的問題のことを何というか？,南南問題
1613,1955年アジア、アフリカの国々によってインドネシアで開かれた国際会議は？平和十原則が採択された。,アジア・アフリカ会議(バンドン会議)
1614,先進国が発展途上国にする経済援助のことを何というか？,ODA(政府開発援助)
1615,発展途上国の中で特に工業化が進み、経済成長の著しい国や地域の総称は？,"NIES(ニーズ,新興工業経済地域)"
1616,アジアニーズと呼ばれる地域を4つ答えなさい。,韓国・台湾・香港・シンガポール
1617,発展途上国が抱える特定の生産品にだけに依存した経済構造は？,モノカルチャー経済
1618,経済発展が著しいBRICSと呼ばれる5つの国は？,"ブラジル,ロシア,インド,中国,南アフリカ共和国"
1619,地球の平均気温が上昇している現象を何というか？,地球温暖化(global warming)
1620,暖められた地表が保温効果を持つガスにより熱が宇宙空間へ逃げていかず、地表が保温される現象は？,温室効果(greenhouse effect)
1621,晴れた夜、暖められた熱が宇宙空間へ放出され気温が下がる現象は？,放射冷却(放射冷却現象)
1622,2の現象をもたらす気体のことを何という？,温室効果ガス(greenhouse effect gas)
1623,4の具体的な気体は？,"二酸化炭素,メタン,フロン,亜酸化窒素etc"
1624,1997年の第三回気候変動枠組条約締結国会議で採択された温室効果ガスの削減をめざす国際的な取り決めは？,京都議定書
1625,大気汚染の影響で酸性の雨が降る現象。環境問題の1つ。,酸性雨(acid rain)
1626,1の原因物質は？,"硫黄酸化物(SOx),窒素酸化物(NOx)"
1627,日本ではpHの値が何以下のときに酸性雨と呼んでいるか。,5.6
1628,3の基準となる値は水に何が溶けた時のpHか?,二酸化炭素(※飽和した炭酸水のpH)
1629,原因物質のSOxの主な発生ルートは？,①化石燃料の燃焼②火山ガス
1630,原因物質のNOxの主な発生ルートは？,①排気ガス(主にディーゼルエンジン)②雷③微生物による分解
1631,オゾン層で多くを吸収してくれる生物に有害な短波長の光は？,"紫外線(UV,ultraviolet)"
1632,南極上空のオゾン濃度の減少にできたものは？,オゾンホール(Ozone hole)
1633,オゾンを化学式で書くと？,O3
1634,"オゾン層破壊の原因物質や温室効果ガスで知られるハロゲン(F,Cl,Br)を含む化合物の総称は？",フロンガス
1635,1987年に特定フロン等の全廃を採択された議定書は？,モントリオール議定書
1636,絶滅のおそれのある野生生物のリストのこと,レッドリスト
1637,絶滅のおそれのある野生動植物の種の国際取引に関する条約の通称。,ワシントン条約
1638,1971年に採択された、水鳥の保護に関する条約。,ラムサール条約
1639,塩素系のごみ焼却の不完全燃焼で発生する猛毒の化学物質は?,ダイオキシン
1640,環境中に存在している物質が生体内でホルモンのように作用する物質の総称は?,環境ホルモン
1641,自然界の排出をゼロにするという考え方は？,ゼロエミッション
1642,日本の1960年代に相次いだ4大公害といえば？,"水俣病,新潟水俣病,四日市ぜんそく,イタイイタイ病"
1643,予め事業が環境に与える影響を予測・評価することを何というか？,環境アセスメント
1644,1967年に制定された公害防止に関する法律といえば？,公害対策基本法
1645,1993年に制定された環境対策のため定められた法律といえば？,環境基本法
1646,キリスト教の始祖は？,イエス・キリスト
1647,初代キリスト教会を正統とする教会,カトリック(ローマ・カトリック教会)
1648,ルターやカルバンなどの宗教改革により分離したキリスト教の総称,プロテスタント
1649,キリスト教の三大分流派の1つ。主にロシア・中東・東欧に広まった。,"ギリシャ正教(正教会,東方正教会)"
1650,カトリック教会の司祭の尊称は？,神父
1651,プロテスタントの教職者のこと,牧師
1652,バチカン市国にある世界遺産に登録されているカトリック教会の総本山の建物は,サン・ピエトロ大聖堂
1653,キリスト教の正典の1つ。1世紀～2世紀にキリスト教徒によって書かれた,新約聖書
1654,"キリスト教,ユダヤ教の正典",旧約聖書
1655,キリスト教の聖地の1つ。イエスが処刑され復活したとされる地。,エルサレム
1656,12使徒の1人。ローマ教会初代教皇,ペテロ
1657,当初キリスト教を迫害する立場であったがイエスの死後、キリスト教の発展に貢献した。新約聖書の著者の一人。,パウロ
1658,主に中東に広がった世界三大宗教の1つ。,イスラム教
1659,イスラム教の開祖は？,ムハンマド(マホメット)
1660,予言者ムハンマドが亡くなった後のイスラム教の最高指導者の称号は？,カリフ
1661,ムハンマドが生まれたイスラム教の聖地は？,メッカ
1662,イスラム教スンニ派の礼拝の数は1日に何回か？,5回(シーア派は3回)
1663,メッカにあるイスラム教で最も聖なる場所は？,カーバ神殿
1664,イスラム教の寺院や礼拝堂のことを何というか？,モスク
1665,イスラム教の多数派を占める宗派といえば？,スンニ派
1666,イスラム教の宗派の1つ。イランの宗派といえば？,シーア派
1667,イスラム歴での9月に夜明けから日没まで断食を行うことを何というか？,ラマダン(ラマダーン)
1668,イスラム教で聖戦(努力する)を意味する言葉といえば？,ジハード
1669,イスラム教で飲食が禁止されているものといえば？,"豚肉,お酒,死肉"
1670,イスラム教の聖典は？,コーラン(クルアーン)
1671,イスラム教の唯一神と言えば？,アラー(アッラー)
1672,仏教の開祖は？,"ガウタマ・シッダールタ(シャカ,ブッダ)"
1673,万民平等の仏教が誕生するきっかけとなったこれまでインドに広まっていた宗教は？,バラモン教
1674,シャカの死後、戒律を厳格に遵守し教団の維持すべきだと考えた人たちといえば？,上座部
1675,シャカの死後、細かい戒律にとらわれずにいた3と反対の立場の人たちといえば？,大衆部
1676,主に中国・朝鮮・日本に広まった仏教の総称といえば？,大乗仏教(北伝仏教)
1677,主に東南アジアに広まった仏教の総称といえば？,"上座部仏教(南伝仏教,小乗仏教)"
1678,世界のヒンズー教の信者の大部分を占めている国は？,インド
1679,ヒンズー教で神の使いとされる動物は？(その肉は食べることができない),牛
1680,ヒンズー教の聖なる川として沐浴される川は？,ガンジス川
1681,ヒンズー教の元となったそれまでインドにあった宗教。ヴェーダなどの聖典がある。,バラモン教
1682,ヒンズー教の宇宙の創造を司る神は？,ブラフマー
1683,ヒンズー教の宇宙の維持を司る神は？,ヴィシュヌ神
1684,ヒンズー教の創造と破壊の神は？,シヴァ神
1685,ヒンズー教の聖典を二つ答えなさい。,"マハーバーラタ,ラーマーヤナ"
1686,ユダヤ教の唯一の神は？,ヤハウェ
1687,ユダヤ教の聖書でありキリスト教の聖書でもあるものは？,旧約聖書(タナハ)
1688,2は何語で書かれているか？,ヘブライ語
1689,ユダヤ教の救世主のこと。,メシア
1690,神ヤハウェにより十戒を授けられたとされるイスラエル民族指導者は?,モーセ(モーゼ)
1691,日本の宗教の一つで八百万の神を見出す多神教といえば？,神道
1692,孔子を始祖とした宗教は？主に朝鮮に浸透した。,儒教
1693,1830年にアメリカで誕生したキリスト教系の新宗教は？本部はソルトレイクシティー。,モルモン教(末日聖徒イエス・キリスト教会)
1694,古代インドの民族宗教は？ヒンドゥー教に継承された。,バラモン教
1695,紀元前7世紀頃のササン朝ペルシャの国教となった宗教は？ユダヤ教やキリスト教に大きな影響を与えた。,ゾロアスター教(拝火教)
1696,ヴァルダマーナが開祖であるインドの宗教は？厳しい苦行と不殺生主義で知られる。,ジャイナ教
